Player,Pos,Age,Tm,G,GS,MP,FG,FGA,FG%,3P,3PA,3P%,2P,2PA,2P%,eFG%,FT,FTA,FT%,ORB,DRB,TRB,AST,STL,BLK,TOV,PF,PTS
Steven Adams,C,26,OKC,51,51,27.1,4.6,7.8,.583,0.0,0.1,.333,4.5,7.8,.584,.584,1.9,3.1,.606,3.4,6.1,9.5,2.5,0.8,1.1,1.5,2.0,11.1
Bam Adebayo,PF,22,MIA,56,56,34.4,6.3,10.8,.578,0.0,0.2,.083,6.2,10.6,.588,.578,3.5,5.1,.684,2.6,7.8,10.4,5.0,1.3,1.2,2.8,2.4,16.0
LaMarcus Aldridge,C,34,SAS,52,52,33.0,7.3,14.8,.495,1.2,2.9,.392,6.2,11.9,.520,.534,3.0,3.6,.829,2.0,5.5,7.5,2.4,0.6,1.6,1.4,2.4,18.8
Nickeil Alexander-Walker,SG,21,NOP,41,0,12.2,1.9,5.5,.339,1.0,2.9,.342,0.9,2.7,.336,.427,0.4,0.7,.607,0.2,1.8,2.0,1.8,0.3,0.2,1.0,1.1,5.1
Grayson Allen,SG,24,MEM,30,0,16.6,2.6,5.9,.449,1.1,3.0,.363,1.5,2.8,.541,.543,1.0,1.2,.857,0.2,2.0,2.2,1.4,0.2,0.0,0.8,1.2,7.4
Jarrett Allen,C,21,BRK,55,51,26.3,4.2,6.7,.637,0.0,0.1,.000,4.2,6.6,.645,.637,2.4,3.8,.632,3.1,6.5,9.6,1.4,0.6,1.4,1.1,2.3,10.9
Kadeem Allen,SG,27,NYK,10,0,11.7,1.9,4.4,.432,0.5,1.6,.313,1.4,2.8,.500,.489,0.7,1.1,.636,0.2,0.7,0.9,2.1,0.5,0.2,0.8,0.7,5.0
Al-Farouq Aminu,PF,29,ORL,18,2,21.1,1.4,4.8,.291,0.5,2.0,.250,0.9,2.8,.320,.343,1.1,1.6,.655,1.3,3.5,4.8,1.2,1.0,0.4,0.9,1.5,4.3
Justin Anderson,SF,26,BRK,3,0,5.7,0.3,2.0,.167,0.0,1.0,.000,0.3,1.0,.333,.167,0.3,0.7,.500,0.0,0.7,0.7,0.0,0.0,0.3,0.0,0.7,1.0
Kyle Anderson,PF,26,MEM,50,11,18.3,2.3,4.5,.504,0.2,0.9,.222,2.1,3.6,.575,.527,0.8,1.2,.655,1.0,3.2,4.2,2.2,0.8,0.5,0.9,1.5,5.5
Ryan Anderson,PF,31,HOU,2,0,7.0,1.0,3.5,.286,0.5,2.5,.200,0.5,1.0,.500,.357,0.0,0.0,,0.0,3.5,3.5,1.0,0.5,0.0,0.5,0.5,2.5
Giannis Antetokounmpo,PF,25,MIL,50,50,30.9,11.1,20.1,.552,1.5,4.8,.311,9.6,15.2,.629,.590,6.4,10.4,.615,2.4,11.2,13.6,5.8,1.1,1.1,3.6,3.1,30.0
Kostas Antetokounmpo,PF,22,LAL,3,0,1.7,0.0,0.0,,0.0,0.0,,0.0,0.0,,,0.0,0.0,,0.0,0.3,0.3,0.3,0.0,0.0,0.0,0.0,0.0
Thanasis Antetokounmpo,SF,27,MIL,15,1,4.1,0.9,1.5,.565,0.0,0.2,.000,0.9,1.3,.650,.565,0.3,0.6,.444,0.4,0.1,0.5,0.4,0.1,0.1,0.3,0.6,2.0
Carmelo Anthony,PF,35,POR,42,42,32.6,5.9,14.0,.419,1.5,4.1,.360,4.4,9.9,.444,.472,2.3,2.8,.845,1.3,5.2,6.5,1.5,0.8,0.5,1.7,3.0,15.6
OG Anunoby,SF,22,TOR,56,55,29.3,4.1,8.2,.499,1.2,3.3,.364,2.9,4.9,.592,.573,0.8,1.2,.667,1.1,4.3,5.4,1.5,1.2,0.7,1.3,2.4,10.2
Ryan Arcidiacono,PG,25,CHI,54,3,15.7,1.5,3.7,.396,0.9,2.4,.385,0.6,1.3,.417,.520,0.5,0.6,.735,0.3,1.5,1.8,1.6,0.4,0.1,0.6,1.6,4.4
Trevor Ariza,SF,34,TOT,45,13,26.9,2.5,5.7,.432,1.3,3.6,.360,1.2,2.1,.559,.547,0.8,1.0,.822,0.6,4.0,4.6,1.6,1.3,0.3,1.0,2.1,7.1
Trevor Ariza,SF,34,SAC,32,0,24.7,2.0,5.2,.388,1.3,3.8,.352,0.7,1.3,.488,.518,0.7,0.8,.778,0.7,3.9,4.6,1.6,1.1,0.2,0.9,2.0,6.0
Trevor Ariza,SF,34,POR,13,13,32.2,3.6,7.1,.511,1.2,3.2,.381,2.4,3.8,.620,.598,1.2,1.4,.889,0.6,4.2,4.8,1.6,1.8,0.4,1.3,2.3,9.7
D.J. Augustin,PG,32,ORL,40,6,25.7,3.2,8.2,.390,1.2,3.5,.341,2.0,4.8,.426,.462,2.9,3.3,.877,0.4,2.0,2.4,4.6,0.7,0.0,1.4,1.1,10.4
Deandre Ayton,C,21,PHO,25,20,33.2,8.5,15.7,.543,0.0,0.1,.000,8.5,15.6,.546,.543,2.0,2.6,.781,4.2,8.0,12.2,2.0,0.7,1.6,2.1,3.2,19.0
,,,,,,,,,,,,,,,,,,,,,,,,,,,,
Dwayne Bacon,SG,24,CHO,39,11,17.6,2.2,6.3,.348,0.5,1.7,.284,1.7,4.5,.373,.387,0.9,1.4,.660,0.4,2.2,2.6,1.3,0.6,0.1,0.9,1.3,5.7
Marvin Bagley,PF,20,SAC,13,6,25.7,6.0,12.8,.467,0.3,1.7,.182,5.7,11.2,.510,.479,1.9,2.4,.806,2.2,5.2,7.5,0.8,0.5,0.9,1.4,3.3,14.2
Lonzo Ball,PG,22,NOP,49,40,32.0,4.4,11.0,.400,2.3,6.3,.367,2.1,4.7,.445,.506,0.6,1.1,.566,1.1,4.9,6.0,6.8,1.3,0.5,3.0,2.0,11.8
Mo Bamba,C,21,ORL,51,0,14.9,2.2,4.7,.467,0.6,1.7,.333,1.6,3.0,.542,.527,0.4,0.6,.688,1.5,3.4,4.9,0.7,0.4,1.4,0.8,1.9,5.4
J.J. Barea,PG,35,DAL,18,4,15.7,3.4,7.7,.446,1.3,3.0,.426,2.2,4.7,.459,.529,0.8,0.8,1.000,0.5,1.7,2.2,3.8,0.2,0.1,1.4,0.7,8.9
Harrison Barnes,PF,27,SAC,56,56,34.8,5.1,11.2,.456,1.4,3.8,.379,3.7,7.4,.496,.521,3.1,3.9,.803,0.9,3.9,4.8,2.3,0.6,0.2,1.2,1.3,14.8
RJ Barrett,SG,19,NYK,46,45,30.4,5.0,12.8,.389,1.0,3.4,.308,3.9,9.4,.418,.430,2.7,4.5,.607,1.0,4.1,5.1,2.4,1.0,0.3,2.1,2.3,13.7
Will Barton,SF,29,DEN,50,50,33.1,5.7,12.8,.445,1.8,4.7,.380,3.9,8.0,.484,.516,1.8,2.4,.756,1.5,5.0,6.5,3.8,1.1,0.5,1.4,2.1,15.0
Keita Bates-Diop,SF,24,TOT,39,0,17.1,2.3,5.3,.428,0.8,2.4,.330,1.5,2.9,.509,.502,1.3,1.8,.710,0.5,2.3,2.9,0.8,0.4,0.5,0.4,1.0,6.6
Keita Bates-Diop,SF,24,MIN,37,0,17.5,2.4,5.6,.422,0.8,2.5,.330,1.5,3.0,.500,.498,1.2,1.8,.708,0.6,2.4,3.0,0.8,0.5,0.5,0.4,1.0,6.8
Keita Bates-Diop,SF,24,DEN,2,0,9.5,1.0,1.0,1.000,0.0,0.0,,1.0,1.0,1.000,1.000,1.5,2.0,.750,0.0,1.0,1.0,0.0,0.0,0.5,0.0,1.0,3.5
Nicolas Batum,SF,31,CHO,22,3,23.0,1.3,3.7,.346,0.6,2.2,.286,0.6,1.5,.438,.432,0.4,0.5,.900,1.1,3.4,4.5,3.0,0.8,0.4,1.0,1.9,3.6
Aron Baynes,C,33,PHO,35,25,22.3,4.3,8.7,.493,1.2,3.7,.333,3.1,5.0,.611,.564,1.3,1.7,.721,1.5,3.9,5.5,1.8,0.2,0.6,1.2,3.5,11.1
Kent Bazemore,SF-SG,30,TOT,56,21,24.8,2.8,7.7,.364,1.3,3.7,.338,1.6,4.0,.388,.445,1.6,2.1,.784,0.4,3.7,4.0,1.3,1.1,0.6,1.3,2.8,8.5
Kent Bazemore,SF,30,POR,43,21,25.8,2.6,7.6,.347,1.3,4.0,.327,1.3,3.6,.368,.433,1.3,1.7,.806,0.3,3.7,4.0,1.4,1.0,0.7,1.4,2.8,7.9
Kent Bazemore,SG,30,SAC,13,0,21.2,3.4,8.1,.419,1.1,2.8,.389,2.3,5.3,.435,.486,2.5,3.4,.750,0.6,3.5,4.2,0.9,1.2,0.4,0.9,2.7,10.4
Darius Bazley,PF,19,OKC,53,8,17.2,1.7,4.3,.383,0.6,1.9,.300,1.1,2.5,.446,.448,0.6,0.9,.681,0.4,3.3,3.7,0.5,0.4,0.7,0.8,0.8,4.5
Bradley Beal,SG,26,WAS,48,48,35.6,10.1,22.2,.453,2.6,8.0,.320,7.5,14.2,.528,.511,6.9,8.1,.844,1.0,3.4,4.4,6.0,1.1,0.4,3.4,2.3,29.6
Malik Beasley,SG,23,TOT,46,5,19.9,3.4,8.4,.405,1.7,4.5,.377,1.7,3.9,.436,.505,0.9,1.1,.860,0.3,2.0,2.4,1.3,0.7,0.2,1.0,1.4,9.5
Malik Beasley,SG,23,DEN,41,0,18.2,2.9,7.3,.389,1.4,3.9,.360,1.4,3.4,.421,.485,0.8,0.9,.868,0.2,1.7,1.9,1.2,0.8,0.1,0.9,1.2,7.9
Malik Beasley,SG,23,MIN,5,5,33.6,8.0,17.4,.460,4.0,9.2,.435,4.0,8.2,.488,.575,2.0,2.4,.833,1.2,5.2,6.4,2.2,0.6,0.4,2.0,2.6,22.0
Marco Belinelli,SG,33,SAS,48,0,15.1,2.0,5.2,.376,1.0,2.9,.350,0.9,2.3,.409,.474,0.7,0.9,.780,0.1,1.6,1.6,1.3,0.2,0.0,0.3,0.8,5.6
Jordan Bell,C,25,MIN,27,0,8.7,1.2,2.2,.533,0.1,0.3,.222,1.1,1.9,.588,.550,0.6,1.1,.586,1.0,1.9,2.9,0.5,0.1,0.4,0.7,0.6,3.1
DeAndre' Bembry,SG,25,ATL,43,4,21.3,2.4,5.3,.456,0.3,1.5,.231,2.1,3.8,.546,.489,0.6,1.1,.542,0.8,2.7,3.5,1.9,1.3,0.4,1.4,2.0,5.8
Dragan Bender,SF,22,TOT,8,0,13.9,1.5,3.6,.414,0.8,1.8,.429,0.8,1.9,.400,.517,0.3,0.6,.400,0.3,2.9,3.1,1.5,0.0,0.8,0.6,2.0,4.0
Dragan Bender,SF,22,MIL,7,0,13.0,1.4,3.0,.476,0.6,1.3,.444,0.9,1.7,.500,.571,0.3,0.4,.667,0.0,2.9,2.9,1.3,0.0,0.7,0.7,2.3,3.7
Dragan Bender,SF,22,GSW,1,0,20.0,2.0,8.0,.250,2.0,5.0,.400,0.0,3.0,.000,.375,0.0,2.0,.000,2.0,3.0,5.0,3.0,0.0,1.0,0.0,0.0,6.0
Dāvis Bertāns,PF,27,WAS,46,4,29.4,4.8,11.1,.435,3.5,8.4,.422,1.3,2.7,.476,.595,1.8,2.1,.867,0.7,4.0,4.7,1.8,0.7,0.7,1.0,2.5,15.0
,,,,,,,,,,,,,,,,,,,,,,,,,,,,
Patrick Beverley,PG,31,LAC,40,40,28.0,3.1,7.3,.430,1.6,4.4,.364,1.5,2.9,.530,.540,0.6,1.0,.632,1.3,4.5,5.8,4.0,1.2,0.6,1.4,3.2,8.5
Khem Birch,C,27,ORL,38,24,20.3,1.5,3.0,.496,0.0,0.0,.000,1.5,2.9,.500,.496,1.1,1.8,.612,1.8,2.9,4.7,0.9,0.4,0.6,0.6,1.9,4.0
Goga Bitadze,C,20,IND,43,2,8.6,1.3,2.6,.482,0.1,0.6,.154,1.2,2.0,.581,.500,0.5,0.7,.690,0.5,1.5,2.0,0.5,0.1,0.7,0.5,1.2,3.1
Bismack Biyombo,C,27,CHO,47,26,18.9,2.8,5.2,.541,0.0,0.0,,2.8,5.2,.541,.541,1.7,2.8,.602,2.3,3.4,5.7,0.9,0.2,0.8,0.9,2.1,7.4
Nemanja Bjelica,PF,31,SAC,56,53,28.4,4.6,9.5,.483,2.1,4.6,.447,2.6,4.9,.516,.591,0.9,1.1,.825,1.7,4.7,6.4,2.8,0.9,0.6,1.4,3.1,12.2
Eric Bledsoe,PG,30,MIL,48,48,27.1,5.8,12.0,.482,1.3,3.6,.343,4.5,8.4,.542,.534,2.8,3.4,.829,0.7,4.0,4.7,5.4,0.9,0.5,2.4,2.1,15.7
Bogdan Bogdanović,SG,27,SAC,45,12,28.2,5.2,12.2,.430,2.6,7.1,.363,2.7,5.1,.524,.536,1.4,1.9,.709,0.4,2.8,3.2,3.1,0.9,0.2,1.8,2.1,14.4
Bojan Bogdanović,SF,30,UTA,55,55,33.3,6.8,15.1,.449,3.1,7.4,.422,3.7,7.7,.475,.552,4.0,4.5,.898,0.6,3.6,4.2,2.1,0.6,0.1,2.5,1.7,20.7
Jonah Bolden,PF,24,TOT,7,0,6.7,0.6,1.6,.364,0.0,0.6,.000,0.6,1.0,.571,.364,0.3,0.6,.500,0.4,0.9,1.3,0.0,0.4,0.3,0.3,1.4,1.4
Jonah Bolden,PF,24,PHI,4,0,3.5,0.5,0.8,.667,0.0,0.3,.000,0.5,0.5,1.000,.667,0.0,0.5,.000,0.0,0.3,0.3,0.0,0.3,0.0,0.5,1.0,1.0
Jonah Bolden,PF,24,PHO,3,0,11.0,0.7,2.7,.250,0.0,1.0,.000,0.7,1.7,.400,.250,0.7,0.7,1.000,1.0,1.7,2.7,0.0,0.7,0.7,0.0,2.0,2.0
Marques Bolden,C,21,CLE,1,0,3.0,0.0,0.0,,0.0,0.0,,0.0,0.0,,,0.0,0.0,,0.0,2.0,2.0,0.0,1.0,0.0,0.0,1.0,0.0
Jordan Bone,PG,22,DET,10,0,5.3,0.5,2.0,.250,0.2,1.0,.200,0.3,1.0,.300,.300,0.0,0.0,,0.0,0.4,0.4,0.8,0.1,0.0,0.2,0.6,1.2
Isaac Bonga,SF,20,WAS,50,35,17.7,1.7,3.3,.534,0.4,0.9,.400,1.4,2.4,.585,.589,0.9,1.2,.793,1.1,2.1,3.2,1.1,0.7,0.4,0.7,2.3,4.8
Devin Booker,SG,23,PHO,54,54,35.9,8.9,18.0,.494,2.0,5.5,.360,6.9,12.5,.553,.549,6.6,7.2,.922,0.5,3.7,4.2,6.3,0.7,0.2,3.9,2.9,26.4
Chris Boucher,PF,27,TOR,49,0,13.0,2.2,4.7,.461,0.5,1.7,.274,1.7,3.0,.568,.511,1.5,1.9,.785,1.7,2.7,4.4,0.4,0.4,1.0,0.4,1.9,6.3
Brian Bowen,SG,21,IND,3,0,3.3,0.3,1.3,.250,0.0,0.3,.000,0.3,1.0,.333,.250,0.0,0.0,,0.0,0.3,0.3,0.0,0.0,0.3,0.0,0.0,0.7
Ky Bowman,PG,22,GSW,42,12,22.3,2.9,7.0,.405,0.7,2.4,.307,2.1,4.6,.456,.458,0.8,0.9,.821,0.6,2.0,2.6,3.0,1.0,0.2,1.4,2.1,7.2
Avery Bradley,SG,29,LAL,41,36,23.6,3.5,7.6,.461,1.1,3.1,.373,2.3,4.5,.522,.537,0.4,0.5,.800,0.4,1.9,2.3,1.1,0.9,0.1,0.9,2.3,8.5
Tony Bradley,C,22,UTA,42,2,10.2,1.9,3.0,.640,0.0,0.0,,1.9,3.0,.640,.640,0.5,0.8,.618,1.7,2.5,4.2,0.3,0.2,0.4,0.5,2.0,4.3
Jarrell Brantley,PF,23,UTA,3,0,3.7,0.0,0.0,,0.0,0.0,,0.0,0.0,,,0.0,0.0,,0.0,1.7,1.7,0.3,0.0,0.7,0.3,0.3,0.0
Ignas Brazdeikis,SF,21,NYK,9,0,5.9,0.7,2.4,.273,0.1,1.0,.111,0.6,1.4,.385,.295,0.4,0.6,.800,0.2,0.3,0.6,0.4,0.0,0.1,0.2,0.3,1.9
,,,,,,,,,,,,,,,,,,,,,,,,,,,,
Mikal Bridges,SF,23,PHO,57,16,25.7,3.0,5.9,.503,0.7,2.2,.331,2.3,3.8,.603,.564,1.4,1.7,.832,0.9,3.1,3.9,1.6,1.5,0.6,1.0,2.2,8.1
Miles Bridges,SF,21,CHO,56,55,30.8,5.0,11.5,.438,1.6,4.6,.341,3.4,6.9,.503,.506,1.6,2.0,.802,1.4,4.2,5.6,1.8,0.6,0.7,1.5,2.1,13.2
Oshae Brissett,SF,21,TOR,19,0,7.1,0.7,1.9,.361,0.2,0.8,.200,0.5,1.1,.476,.403,0.4,0.5,.800,0.5,0.9,1.4,0.4,0.2,0.1,0.4,0.9,1.9
Ryan Broekhoff,SG,29,DAL,17,1,10.6,1.3,3.5,.373,1.2,3.0,.392,0.1,0.5,.250,.542,0.4,0.5,.875,0.3,2.2,2.5,0.6,0.3,0.2,0.4,0.9,4.2
Malcolm Brogdon,PG,27,IND,43,43,30.9,6.0,13.9,.430,1.3,4.2,.308,4.7,9.7,.484,.477,3.0,3.4,.897,0.9,3.9,4.8,7.2,0.7,0.2,2.5,1.8,16.3
Dillon Brooks,SG,24,MEM,56,56,28.3,5.6,13.8,.407,2.0,5.3,.376,3.6,8.5,.426,.479,2.2,2.7,.813,1.0,2.4,3.4,2.0,0.9,0.4,1.6,3.8,15.4
Bruce Brown,SG,23,DET,56,42,28.1,3.4,7.6,.443,0.6,1.6,.337,2.8,6.0,.472,.479,1.6,2.1,.737,1.0,3.7,4.7,3.9,1.1,0.5,1.7,2.8,8.9
Charlie Brown,SG,22,ATL,10,0,4.0,0.6,1.9,.316,0.3,0.9,.333,0.3,1.0,.300,.395,0.5,0.5,1.000,0.2,0.2,0.4,0.2,0.2,0.2,0.3,0.3,2.0
Jaylen Brown,SF,23,BOS,46,46,33.7,7.5,15.2,.496,2.1,5.5,.379,5.4,9.7,.562,.564,3.2,4.3,.737,1.1,5.3,6.4,2.2,1.2,0.3,2.4,3.0,20.3
Moses Brown,C,20,POR,9,0,3.7,0.4,1.1,.400,0.0,0.0,,0.4,1.1,.400,.400,0.3,0.9,.375,0.3,1.2,1.6,0.1,0.1,0.1,0.3,0.8,1.2
Sterling Brown,SF,24,MIL,39,0,14.5,1.8,4.7,.378,0.8,2.4,.326,1.0,2.3,.433,.462,0.7,0.8,.788,0.7,3.1,3.8,0.9,0.5,0.2,0.8,1.1,5.1
Troy Brown,SG,20,WAS,52,14,25.6,4.0,8.6,.462,0.8,2.3,.336,3.2,6.2,.509,.508,1.5,1.9,.752,1.1,4.4,5.5,2.3,1.4,0.1,1.1,1.9,10.2
Jalen Brunson,PG,23,DAL,57,16,17.9,3.2,6.8,.466,0.8,2.1,.358,2.4,4.7,.515,.522,1.1,1.3,.813,0.4,2.0,2.4,3.3,0.4,0.1,1.2,1.3,8.2
Thomas Bryant,C,22,WAS,31,23,24.8,5.1,8.6,.590,0.5,1.4,.341,4.6,7.2,.640,.618,1.8,2.5,.727,2.1,5.2,7.3,2.1,0.4,0.9,1.3,2.3,12.4
Reggie Bullock,SG,28,NYK,22,19,25.6,3.7,9.3,.402,1.6,4.6,.343,2.1,4.6,.461,.488,0.7,0.9,.842,0.6,2.0,2.5,1.5,1.1,0.0,0.6,2.3,9.8
Trey Burke,PG,27,PHI,25,0,13.2,2.4,5.1,.465,0.6,1.5,.421,1.7,3.6,.483,.528,0.5,0.7,.722,0.6,0.8,1.4,2.1,0.3,0.0,0.5,0.8,5.9
Alec Burks,SG,28,TOT,51,18,28.5,5.0,12.3,.404,1.7,4.6,.370,3.3,7.7,.424,.473,4.1,4.5,.896,0.8,3.8,4.6,3.0,1.0,0.3,1.5,2.2,15.7
Alec Burks,SG,28,GSW,48,18,29.0,5.1,12.5,.406,1.8,4.7,.375,3.3,7.9,.424,.476,4.2,4.7,.897,0.8,3.9,4.7,3.1,1.0,0.4,1.6,2.2,16.1
Alec Burks,SG,28,PHI,3,0,21.7,3.3,9.3,.357,1.0,3.7,.273,2.3,5.7,.412,.411,2.0,2.3,.857,0.7,2.0,2.7,1.3,0.7,0.0,0.3,1.7,9.7
Deonte Burton,SG,26,OKC,31,0,8.3,1.1,3.1,.368,0.3,1.3,.200,0.9,1.8,.491,.411,0.2,0.4,.500,0.2,1.1,1.3,0.4,0.1,0.3,0.3,0.9,2.7
Jimmy Butler,SF,30,MIA,47,47,34.4,6.2,13.6,.453,0.6,2.4,.246,5.6,11.2,.498,.475,7.6,9.1,.836,1.9,5.0,6.9,6.2,1.8,0.6,2.3,1.4,20.6
Bruno Caboclo,SF,24,TOT,23,0,8.6,1.2,3.0,.400,0.2,1.1,.154,1.0,1.9,.545,.429,0.1,0.1,.667,0.7,1.2,2.0,0.4,0.5,0.6,0.4,1.0,2.7
Bruno Caboclo,SF,24,MEM,22,0,8.7,1.3,3.1,.406,0.2,1.1,.160,1.1,2.0,.545,.435,0.1,0.1,.667,0.8,1.2,2.0,0.5,0.5,0.5,0.3,1.0,2.8
Bruno Caboclo,SF,24,HOU,1,0,5.0,0.0,1.0,.000,0.0,1.0,.000,0.0,0.0,,.000,0.0,0.0,,0.0,1.0,1.0,0.0,2.0,1.0,2.0,1.0,0.0
,,,,,,,,,,,,,,,,,,,,,,,,,,,,
Kentavious Caldwell-Pope,SG,26,LAL,55,20,25.4,3.4,7.3,.468,1.4,3.5,.406,2.0,3.8,.524,.565,1.3,1.6,.807,0.6,1.5,2.1,1.7,0.8,0.2,0.9,1.8,9.5
Vlatko Čančar,SF,22,DEN,11,0,3.5,0.5,1.0,.455,0.1,0.5,.200,0.4,0.5,.667,.500,0.4,0.4,1.000,0.3,0.5,0.7,0.3,0.1,0.1,0.3,0.5,1.4
Clint Capela,C,25,HOU,39,39,32.8,6.3,9.9,.629,0.0,0.0,,6.3,9.9,.629,.629,1.4,2.7,.529,4.3,9.5,13.8,1.2,0.8,1.8,1.6,2.6,13.9
DeMarre Carroll,SF,33,TOT,16,0,9.3,0.6,1.8,.310,0.2,0.8,.231,0.4,1.0,.375,.362,0.9,1.4,.636,0.6,1.6,2.1,0.9,0.1,0.1,0.8,1.3,2.2
DeMarre Carroll,SF,33,SAS,15,0,9.0,0.6,1.9,.310,0.2,0.9,.231,0.4,1.1,.375,.362,0.8,1.3,.600,0.5,1.6,2.1,0.7,0.1,0.1,0.7,1.3,2.2
DeMarre Carroll,SF,33,HOU,1,0,13.0,0.0,0.0,,0.0,0.0,,0.0,0.0,,,2.0,2.0,1.000,2.0,1.0,3.0,4.0,0.0,0.0,3.0,0.0,2.0
Jevon Carter,PG,24,PHO,42,2,14.3,1.5,3.7,.410,0.9,2.0,.419,0.7,1.7,.400,.526,0.4,0.4,.833,0.5,1.4,1.9,1.3,0.7,0.3,0.7,1.4,4.3
Vince Carter,SF,43,ATL,51,0,15.0,1.8,5.1,.351,1.0,3.4,.293,0.8,1.7,.466,.448,0.5,0.6,.793,0.3,1.9,2.2,0.9,0.4,0.5,0.6,1.6,5.1
Wendell Carter,C,20,CHI,37,37,30.0,4.5,8.4,.537,0.2,0.8,.214,4.3,7.6,.569,.547,2.6,3.5,.736,3.5,6.4,9.9,1.2,0.8,0.9,1.7,3.8,11.7
Michael Carter-Williams,SG,28,ORL,33,0,17.9,2.2,5.5,.409,0.4,1.5,.245,1.9,4.0,.470,.442,1.5,1.9,.781,1.1,2.3,3.4,2.6,1.1,0.5,1.1,1.7,6.4
Alex Caruso,PG,25,LAL,52,0,18.1,1.9,4.5,.426,0.7,1.9,.354,1.3,2.6,.478,.500,1.0,1.3,.791,0.3,1.6,1.9,1.7,1.0,0.3,0.8,1.6,5.5
Willie Cauley-Stein,C,26,TOT,50,39,21.0,3.3,5.8,.574,0.0,0.0,.000,3.3,5.8,.576,.574,0.8,1.3,.619,1.6,4.3,5.9,1.3,1.0,1.2,0.8,2.4,7.5
Willie Cauley-Stein,C,26,GSW,41,37,22.9,3.5,6.3,.560,0.0,0.0,,3.5,6.3,.560,.560,0.9,1.4,.614,1.7,4.5,6.2,1.5,1.1,1.2,0.9,2.5,7.9
Willie Cauley-Stein,C,26,DAL,9,2,12.3,2.6,3.8,.676,0.0,0.1,.000,2.6,3.7,.697,.676,0.4,0.7,.667,1.0,3.6,4.6,0.8,0.4,0.9,0.4,1.8,5.6
Tyson Chandler,C,37,HOU,26,5,8.4,0.5,0.7,.778,0.0,0.0,,0.5,0.7,.778,.778,0.2,0.5,.462,1.0,1.6,2.5,0.2,0.2,0.3,0.3,1.2,1.3
Wilson Chandler,SF,32,BRK,27,0,21.2,2.3,5.4,.421,1.0,3.4,.308,1.2,2.0,.611,.517,0.7,0.8,.857,0.3,4.1,4.4,1.1,0.6,0.4,1.0,2.2,6.2
Joe Chealey,PG,24,CHO,1,0,3.0,0.0,1.0,.000,0.0,1.0,.000,0.0,0.0,,.000,0.0,0.0,,0.0,0.0,0.0,0.0,0.0,0.0,0.0,0.0,0.0
Zylan Cheatham,SF,24,NOP,3,0,10.3,0.7,1.7,.400,0.0,0.3,.000,0.7,1.3,.500,.400,0.0,0.0,,0.3,1.7,2.0,0.7,0.0,0.3,1.0,1.7,1.3
Chris Chiozza,PG,24,TOT,15,0,10.0,0.9,2.9,.295,0.5,1.5,.364,0.3,1.5,.227,.386,0.0,0.0,,0.1,1.2,1.3,2.3,0.8,0.1,0.7,0.8,2.3
Chris Chiozza,PG,24,WAS,10,0,12.3,1.0,3.4,.294,0.7,1.6,.438,0.3,1.8,.167,.397,0.0,0.0,,0.0,1.5,1.5,2.8,1.0,0.2,0.9,1.2,2.7
Chris Chiozza,PG,24,BRK,5,0,5.4,0.6,2.0,.300,0.2,1.2,.167,0.4,0.8,.500,.350,0.0,0.0,,0.2,0.6,0.8,1.4,0.4,0.0,0.2,0.0,1.4
Marquese Chriss,PF,22,GSW,51,13,19.2,3.3,6.2,.535,0.2,0.7,.229,3.2,5.5,.573,.547,1.9,2.5,.760,1.9,3.8,5.7,1.7,0.6,1.1,1.3,1.9,8.7
Gary Clark,PF,25,TOT,31,0,12.2,1.2,3.1,.379,0.9,2.6,.329,0.3,0.4,.692,.521,0.3,0.3,.889,0.8,1.6,2.5,0.4,0.1,0.4,0.1,0.9,3.5
Gary Clark,PF,25,HOU,18,0,11.8,1.3,3.3,.390,1.0,2.8,.353,0.3,0.4,.625,.542,0.3,0.4,.857,0.6,1.6,2.2,0.7,0.1,0.4,0.1,1.2,3.9
Gary Clark,PF,25,ORL,13,0,12.8,1.0,2.8,.361,0.7,2.4,.290,0.3,0.4,.800,.486,0.2,0.2,1.000,1.1,1.7,2.8,0.1,0.2,0.5,0.2,0.6,2.8
Brandon Clarke,PF,23,MEM,49,2,22.1,5.2,8.3,.623,0.4,1.1,.404,4.8,7.3,.654,.648,1.5,1.9,.785,1.6,4.4,5.9,1.5,0.5,0.9,0.9,1.7,12.3
Jordan Clarkson,SG,27,TOT,55,0,24.3,5.6,12.0,.467,2.2,5.7,.377,3.5,6.3,.549,.557,2.0,2.4,.842,0.7,1.9,2.6,2.1,0.6,0.3,1.2,1.4,15.4
Jordan Clarkson,SG,27,CLE,29,0,23.0,5.0,11.2,.442,2.0,5.5,.371,2.9,5.8,.509,.532,2.6,3.0,.884,0.7,1.7,2.4,2.4,0.6,0.3,1.3,1.1,14.6
Jordan Clarkson,SG,27,UTA,26,0,25.8,6.3,12.9,.491,2.3,6.0,.382,4.0,6.9,.587,.580,1.4,1.8,.766,0.6,2.3,2.9,1.7,0.7,0.3,1.1,1.7,16.4
Nicolas Claxton,PF,20,BRK,14,0,13.1,1.9,3.3,.565,0.1,0.5,.143,1.8,2.8,.641,.576,0.6,1.4,.474,1.4,1.7,3.1,1.1,0.1,0.6,0.6,1.0,4.4
,,,,,,,,,,,,,,,,,,,,,,,,,,,,
Chris Clemons,SG,22,HOU,28,0,8.8,1.8,4.4,.403,1.2,3.3,.355,0.6,1.1,.548,.536,0.2,0.3,.857,0.1,0.7,0.8,0.8,0.2,0.2,0.6,0.7,5.0
Antonius Cleveland,SG,25,DAL,6,0,3.7,0.3,1.0,.333,0.0,0.2,.000,0.3,0.8,.400,.333,0.2,0.3,.500,0.0,0.5,0.5,0.0,0.2,0.2,0.2,0.3,0.8
Amir Coffey,SG,22,LAC,7,0,9.6,1.3,2.9,.450,0.1,0.7,.200,1.1,2.1,.533,.475,0.1,0.4,.333,0.3,1.1,1.4,0.6,0.1,0.1,0.3,0.9,2.9
John Collins,PF,22,ATL,32,32,32.3,8.4,14.6,.577,1.3,3.4,.373,7.1,11.1,.640,.621,2.7,3.4,.806,2.7,7.7,10.3,1.4,0.7,1.7,1.7,3.6,20.8
Zach Collins,PF,22,POR,3,3,28.7,3.0,6.3,.474,1.0,2.3,.429,2.0,4.0,.500,.553,2.0,2.0,1.000,1.3,2.7,4.0,2.0,0.0,0.7,2.0,3.7,9.0
Mike Conley,PG,32,UTA,33,27,28.1,4.7,12.0,.390,1.8,5.0,.354,2.9,7.0,.416,.463,2.4,3.1,.784,0.6,2.7,3.3,4.2,0.7,0.1,1.8,2.2,13.5
Pat Connaughton,SG,27,MIL,52,0,18.2,1.9,4.3,.452,0.7,2.2,.319,1.2,2.1,.593,.534,0.3,0.5,.720,0.9,3.4,4.3,1.6,0.3,0.5,0.8,0.9,4.9
Quinn Cook,PG,26,LAL,34,0,11.4,2.1,4.7,.444,0.7,1.8,.383,1.4,2.9,.480,.516,0.2,0.3,.667,0.2,0.9,1.1,1.1,0.3,0.0,0.7,0.6,5.0
Tyler Cook,PF,22,CLE,11,0,3.2,0.6,0.9,.700,0.0,0.0,,0.6,0.9,.700,.700,0.5,0.5,.833,0.4,0.5,0.9,0.1,0.1,0.0,0.1,0.4,1.7
Robert Covington,PF,29,TOT,54,52,29.7,4.5,10.5,.430,2.3,6.8,.344,2.2,3.7,.588,.542,1.5,1.9,.800,0.8,5.3,6.1,1.2,1.6,1.1,1.5,3.1,12.8
Robert Covington,PF,29,MIN,48,47,29.4,4.5,10.3,.435,2.3,6.5,.346,2.3,3.8,.587,.544,1.6,2.0,.798,0.8,5.2,6.0,1.2,1.7,0.9,1.5,3.1,12.8
Robert Covington,PF,29,HOU,6,5,31.8,4.5,11.5,.391,3.0,9.0,.333,1.5,2.5,.600,.522,0.8,1.0,.833,1.3,5.7,7.0,1.7,1.2,2.3,1.0,3.5,12.8
Allen Crabbe,SG,27,TOT,37,1,17.6,1.7,4.8,.356,1.0,3.2,.303,0.7,1.6,.466,.458,0.3,0.4,.714,0.3,1.8,2.1,0.9,0.4,0.1,0.5,1.3,4.6
Allen Crabbe,SG,27,ATL,28,1,18.6,1.9,5.1,.364,1.1,3.3,.323,0.8,1.8,.440,.469,0.3,0.4,.750,0.4,2.0,2.3,1.0,0.5,0.1,0.4,1.3,5.1
Allen Crabbe,SG,27,MIN,9,0,14.6,1.2,3.8,.324,0.7,2.9,.231,0.6,0.9,.625,.412,0.1,0.2,.500,0.1,1.2,1.3,0.6,0.0,0.0,0.6,1.2,3.2
Torrey Craig,SF,29,DEN,44,19,17.8,1.8,4.1,.450,0.7,2.1,.319,1.2,2.0,.593,.533,0.5,0.7,.645,1.0,2.3,3.3,0.7,0.3,0.7,0.5,2.3,4.8
Jae Crowder,SF,29,TOT,50,46,29.3,3.4,8.9,.387,1.9,5.9,.320,1.5,2.9,.524,.494,1.8,2.2,.809,0.9,5.2,6.1,2.6,1.2,0.3,1.1,2.1,10.6
Jae Crowder,SF,29,MEM,45,45,29.4,3.3,8.9,.368,1.7,5.9,.293,1.5,3.0,.519,.466,1.7,2.1,.789,0.9,5.3,6.2,2.8,1.0,0.3,1.2,1.9,9.9
Jae Crowder,SF,29,MIA,5,1,28.2,5.0,9.0,.556,3.4,6.2,.548,1.6,2.8,.571,.744,2.8,3.0,.933,1.0,5.0,6.0,1.4,2.2,0.6,0.6,3.6,16.2
Jarrett Culver,SG,20,MIN,54,35,24.4,3.6,9.2,.390,1.0,3.6,.282,2.6,5.6,.460,.445,0.9,1.9,.456,1.1,2.3,3.4,1.9,1.0,0.7,1.4,1.9,9.0
Seth Curry,SG,29,DAL,53,15,23.9,4.1,8.7,.476,2.1,4.9,.429,2.0,3.8,.537,.597,1.3,1.4,.893,0.5,1.9,2.4,2.0,0.6,0.2,1.0,1.6,11.6
Stephen Curry,PG,31,GSW,4,4,28.0,6.8,16.5,.409,2.3,9.3,.243,4.5,7.3,.621,.477,4.5,4.5,1.000,1.0,4.0,5.0,6.5,1.3,0.5,3.8,2.5,20.3
Troy Daniels,SG,28,LAL,39,0,11.4,1.5,3.9,.392,1.0,2.8,.361,0.5,1.2,.467,.520,0.3,0.4,.667,0.3,0.8,1.1,0.4,0.2,0.1,0.2,0.8,4.3
Anthony Davis,PF,26,LAL,48,48,34.7,9.3,18.1,.514,1.1,3.4,.329,8.2,14.6,.558,.546,7.1,8.4,.843,2.2,7.2,9.4,3.3,1.5,2.5,2.5,2.4,26.8
Ed Davis,C,30,UTA,25,0,10.7,0.6,1.4,.412,0.0,0.0,,0.6,1.4,.412,.412,0.2,0.4,.455,1.2,2.6,3.8,0.3,0.4,0.4,0.5,2.2,1.3
Terence Davis,SG,22,TOR,57,2,17.6,3.0,6.3,.478,1.5,3.5,.421,1.5,2.7,.551,.596,0.6,0.7,.881,0.8,2.7,3.5,1.7,0.5,0.2,1.0,1.6,8.1
,,,,,,,,,,,,,,,,,,,,,,,,,,,,
Dewayne Dedmon,C,30,TOT,39,13,17.0,2.2,5.3,.409,0.5,2.2,.207,1.7,3.1,.554,.452,0.7,0.8,.839,1.2,4.1,5.3,0.5,0.5,1.0,1.3,2.9,5.5
Dewayne Dedmon,C,30,SAC,34,10,15.9,2.0,5.0,.404,0.4,2.1,.197,1.6,2.9,.550,.444,0.7,0.8,.821,1.4,3.6,4.9,0.4,0.4,0.8,1.4,2.7,5.1
Dewayne Dedmon,C,30,ATL,5,3,24.6,3.2,7.4,.432,0.8,3.2,.250,2.4,4.2,.571,.486,0.6,0.6,1.000,0.4,7.8,8.2,0.8,0.6,2.4,1.0,4.4,7.8
Matthew Dellavedova,PG,29,CLE,48,0,12.1,0.9,2.7,.323,0.2,1.4,.159,0.6,1.3,.508,.365,0.5,0.6,.893,0.3,0.9,1.1,2.6,0.3,0.0,0.9,1.3,2.5
DeMar DeRozan,SF,30,SAS,54,54,34.1,8.5,16.0,.530,0.1,0.5,.276,8.3,15.4,.538,.534,5.6,6.6,.844,0.6,5.0,5.6,5.2,1.0,0.2,2.5,2.7,22.7
Cheick Diallo,C,23,PHO,39,2,10.8,2.1,3.1,.664,0.0,0.1,.500,2.1,3.1,.667,.668,0.8,0.9,.857,0.6,2.3,2.9,0.5,0.3,0.3,0.7,1.3,4.9
Hamidou Diallo,SF,21,OKC,33,2,18.8,2.7,6.0,.455,0.2,0.9,.167,2.6,5.1,.506,.467,0.8,1.2,.650,0.8,2.5,3.3,0.6,0.8,0.2,1.0,2.1,6.4
Gorgui Dieng,C,30,TOT,49,17,16.8,2.7,5.9,.457,1.0,2.6,.384,1.7,3.4,.512,.540,1.0,1.2,.800,1.5,4.0,5.5,1.2,0.9,0.9,0.9,2.0,7.4
Gorgui Dieng,C,30,MIN,46,17,16.9,2.7,6.0,.448,1.0,2.6,.383,1.7,3.4,.497,.531,1.0,1.3,.797,1.6,4.0,5.6,1.3,0.8,0.9,1.0,1.9,7.4
Gorgui Dieng,C,30,MEM,3,0,15.7,3.0,4.7,.643,0.7,1.7,.400,2.3,3.0,.778,.714,0.3,0.3,1.000,0.3,4.7,5.0,1.0,1.7,0.3,0.7,3.3,7.0
Spencer Dinwiddie,SG,26,BRK,55,40,31.3,6.8,16.4,.414,1.9,6.2,.304,4.9,10.1,.482,.472,5.3,6.9,.773,0.5,3.0,3.5,6.7,0.6,0.3,2.7,2.8,20.8
Donte DiVincenzo,SG,23,MIL,51,20,22.8,3.5,7.6,.455,1.3,3.7,.342,2.2,4.0,.559,.537,0.9,1.2,.770,1.0,3.7,4.6,2.1,1.4,0.3,1.2,1.6,9.1
Luka Dončić,PG,20,DAL,45,45,32.8,9.5,20.4,.466,3.0,9.0,.327,6.6,11.4,.576,.538,7.0,9.2,.765,1.4,8.2,9.6,8.6,1.0,0.2,4.2,2.4,29.0
Luguentz Dort,SG,20,OKC,22,14,21.0,2.3,5.3,.436,0.8,2.5,.321,1.5,2.8,.541,.513,1.0,1.3,.750,0.5,1.0,1.5,0.7,1.0,0.0,0.6,2.7,6.4
Damyean Dotson,SG,25,NYK,46,0,17.5,2.5,6.0,.418,1.2,3.4,.361,1.3,2.6,.492,.520,0.5,0.7,.688,0.2,1.7,1.8,1.2,0.5,0.1,0.4,0.9,6.7
Sekou Doumbouya,SF,19,DET,31,19,20.3,2.5,6.5,.395,0.8,2.8,.302,1.7,3.7,.465,.460,0.9,1.3,.675,0.5,2.9,3.4,0.5,0.6,0.2,1.0,2.2,6.8
PJ Dozier,PG,23,DEN,16,0,14.0,2.1,5.3,.405,0.4,1.6,.269,1.7,3.6,.466,.446,0.4,0.7,.636,0.3,1.6,1.9,1.6,0.4,0.3,0.7,1.7,5.1
Goran Dragić,PG,33,MIA,45,1,28.2,5.4,12.1,.449,2.2,5.8,.388,3.2,6.4,.503,.541,3.0,3.9,.763,0.4,2.6,3.0,5.0,0.6,0.2,2.6,1.8,16.1
Andre Drummond,C,26,TOT,53,52,33.1,7.2,13.6,.531,0.1,0.5,.115,7.2,13.1,.546,.533,2.9,5.0,.577,4.6,10.9,15.5,2.7,1.9,1.6,3.7,3.5,17.4
Andre Drummond,C,26,DET,49,48,33.8,7.3,13.9,.530,0.0,0.4,.048,7.3,13.4,.546,.531,3.0,5.2,.584,4.6,11.2,15.8,2.8,2.0,1.7,3.6,3.6,17.8
Andre Drummond,C,26,CLE,4,4,24.5,5.5,10.3,.537,0.5,1.3,.400,5.0,9.0,.556,.561,1.3,3.0,.417,4.0,7.8,11.8,1.8,1.3,1.3,5.0,2.3,12.8
Jared Dudley,SF,34,LAL,37,1,8.1,0.5,1.3,.417,0.4,0.9,.485,0.1,0.4,.267,.583,0.1,0.1,1.000,0.1,0.9,1.1,0.5,0.3,0.1,0.2,1.0,1.6
Kris Dunn,PG,25,CHI,51,32,24.9,3.0,6.7,.444,0.6,2.2,.259,2.4,4.5,.535,.487,0.8,1.1,.741,0.5,3.2,3.6,3.4,2.0,0.3,1.3,3.1,7.3
Carsen Edwards,SG,21,BOS,33,0,9.0,1.0,3.1,.320,0.6,1.9,.306,0.4,1.2,.341,.413,0.3,0.4,.846,0.2,1.1,1.2,0.7,0.3,0.1,0.5,0.8,2.9
Henry Ellenson,PF,23,BRK,5,0,3.0,0.2,1.4,.143,0.0,0.8,.000,0.2,0.6,.333,.143,0.0,0.0,,0.4,0.8,1.2,0.2,0.0,0.0,0.0,0.2,0.4
Wayne Ellington,SG,32,NYK,28,1,15.3,1.7,4.8,.358,1.3,3.8,.346,0.4,1.0,.407,.496,0.4,0.5,.846,0.1,1.5,1.6,1.0,0.4,0.1,0.5,1.0,5.1
,,,,,,,,,,,,,,,,,,,,,,,,,,,,
Joel Embiid,C,25,PHI,41,41,30.7,7.4,16.1,.462,1.3,3.8,.342,6.1,12.3,.499,.502,7.0,8.6,.815,2.8,9.2,12.0,3.2,0.8,1.4,3.1,3.5,23.1
James Ennis,SF,29,TOT,52,1,15.9,2.0,4.6,.436,0.7,2.2,.339,1.3,2.5,.519,.515,1.0,1.3,.776,1.0,2.0,3.1,0.8,0.4,0.3,0.6,1.7,5.8
James Ennis,SF,29,PHI,49,0,15.8,2.0,4.6,.442,0.8,2.2,.349,1.3,2.4,.525,.524,1.0,1.2,.787,1.0,2.1,3.1,0.8,0.5,0.3,0.6,1.7,5.8
James Ennis,SF,29,ORL,3,1,17.0,1.7,5.0,.333,0.3,2.0,.167,1.3,3.0,.444,.367,1.3,2.0,.667,1.7,1.3,3.0,0.3,0.0,0.0,0.7,1.0,5.0
Drew Eubanks,PF,22,SAS,8,0,5.3,1.3,1.9,.667,0.0,0.0,,1.3,1.9,.667,.667,0.4,0.4,1.000,0.8,1.4,2.1,0.3,0.0,0.1,0.6,0.6,2.9
Jacob Evans,SG,22,TOT,28,1,14.8,1.6,4.8,.338,0.5,1.4,.342,1.1,3.4,.337,.387,0.9,1.0,.862,0.3,1.1,1.5,1.1,0.4,0.4,0.9,1.5,4.6
Jacob Evans,SG,22,GSW,27,1,15.3,1.7,4.9,.338,0.5,1.4,.342,1.2,3.5,.337,.387,0.9,1.1,.862,0.3,1.2,1.5,1.1,0.4,0.4,0.9,1.5,4.7
Jacob Evans,SG,22,MIN,1,0,1.0,0.0,0.0,,0.0,0.0,,0.0,0.0,,,0.0,0.0,,0.0,0.0,0.0,0.0,0.0,0.0,0.0,0.0,0.0
Dante Exum,SG,24,TOT,34,1,14.1,1.6,3.5,.475,0.4,1.2,.357,1.2,2.2,.539,.538,0.9,1.3,.744,0.4,1.6,1.9,1.2,0.4,0.2,0.9,1.1,4.7
Dante Exum,SG,24,UTA,11,0,7.5,0.9,2.1,.435,0.2,0.5,.333,0.7,1.5,.471,.478,0.2,0.2,1.000,0.3,0.8,1.1,0.6,0.1,0.2,0.9,0.7,2.2
Dante Exum,SG,24,CLE,23,1,17.2,2.0,4.1,.484,0.6,1.6,.361,1.4,2.6,.559,.553,1.3,1.8,.732,0.4,2.0,2.3,1.4,0.5,0.2,0.9,1.3,5.9
Tacko Fall,C,24,BOS,6,0,4.0,1.5,2.0,.750,0.0,0.0,,1.5,2.0,.750,.750,0.2,0.5,.333,0.0,1.8,1.8,0.0,0.0,0.3,0.5,0.8,3.2
Derrick Favors,C,28,NOP,38,36,23.9,4.2,6.8,.622,0.0,0.2,.167,4.2,6.7,.632,.624,0.8,1.4,.582,3.2,6.8,10.0,1.8,0.6,1.0,1.3,2.2,9.3
Cristiano Felício,PF,27,CHI,18,0,18.7,1.7,2.6,.638,0.0,0.1,.000,1.7,2.5,.667,.638,1.0,1.3,.783,2.6,2.3,4.9,0.7,0.5,0.1,1.0,1.7,4.3
Terrance Ferguson,SF,21,OKC,43,36,24.5,1.6,4.1,.381,1.0,3.2,.307,0.6,0.9,.641,.500,0.2,0.3,.769,0.5,1.1,1.6,1.0,0.5,0.3,0.7,3.0,4.3
Bruno Fernando,C,21,ATL,47,11,12.1,1.7,3.3,.516,0.1,0.7,.129,1.6,2.7,.611,.529,0.6,0.9,.591,1.3,2.1,3.4,0.8,0.3,0.3,0.9,1.9,4.1
Yogi Ferrell,PG,26,SAC,42,0,11.1,1.6,3.9,.409,0.5,1.6,.288,1.1,2.3,.490,.466,0.7,0.8,.857,0.1,1.0,1.1,1.4,0.3,0.1,0.5,0.7,4.4
Dorian Finney-Smith,PF,26,DAL,57,54,29.8,3.3,7.2,.456,1.6,4.2,.373,1.7,3.0,.573,.566,1.1,1.5,.721,2.0,3.6,5.6,1.5,0.7,0.6,1.0,2.3,9.3
Bryn Forbes,SG,26,SAS,56,55,25.2,3.8,9.3,.411,2.3,6.1,.382,1.5,3.2,.464,.536,1.1,1.3,.827,0.2,1.9,2.1,1.9,0.6,0.0,0.8,1.9,11.1
Evan Fournier,SG,27,ORL,55,55,31.7,6.6,14.3,.463,2.7,6.6,.408,3.9,7.7,.511,.558,2.9,3.4,.831,0.2,2.4,2.7,3.1,1.1,0.2,2.0,2.5,18.8
De'Aaron Fox,PG,22,SAC,38,36,31.6,7.2,15.2,.470,1.0,3.3,.315,6.1,12.0,.512,.503,4.5,6.7,.677,0.7,3.4,4.1,6.9,1.4,0.5,3.3,2.9,19.9
Melvin Frazier,SG,23,ORL,14,0,3.4,0.4,1.2,.353,0.3,0.5,.571,0.1,0.7,.200,.471,0.1,0.3,.500,0.1,0.2,0.3,0.1,0.3,0.1,0.1,0.6,1.3
Michael Frazier,SG,25,HOU,8,0,8.3,0.5,1.4,.364,0.3,1.0,.250,0.3,0.4,.667,.455,0.5,0.8,.667,0.1,0.3,0.4,0.1,0.3,0.0,0.3,1.6,1.8
Tim Frazier,PG,29,DET,27,11,13.1,1.3,3.5,.362,0.4,1.1,.333,0.9,2.4,.375,.415,0.7,0.9,.792,0.3,0.9,1.2,3.4,0.5,0.1,1.3,1.6,3.6
Markelle Fultz,PG,21,ORL,55,50,28.1,4.9,10.5,.468,0.5,1.9,.265,4.4,8.6,.512,.491,1.6,2.2,.750,0.5,3.0,3.4,5.0,1.3,0.2,2.0,1.9,11.9
Wenyen Gabriel,PF,22,TOT,20,1,7.3,0.7,1.7,.382,0.1,0.7,.154,0.6,1.1,.524,.412,0.5,0.7,.643,0.6,0.8,1.3,0.2,0.3,0.3,0.4,1.2,1.9
Wenyen Gabriel,PF,22,SAC,11,0,5.5,0.5,1.5,.353,0.1,0.7,.125,0.5,0.8,.556,.382,0.5,0.9,.600,0.4,0.5,0.9,0.3,0.3,0.2,0.5,0.6,1.7
Wenyen Gabriel,PF,22,POR,9,1,9.3,0.8,1.9,.412,0.1,0.6,.200,0.7,1.3,.500,.441,0.3,0.4,.750,0.8,1.0,1.8,0.1,0.2,0.3,0.3,1.8,2.0
,,,,,,,,,,,,,,,,,,,,,,,,,,,,
Daniel Gafford,C,21,CHI,36,6,13.4,2.1,3.1,.685,0.0,0.0,,2.1,3.1,.685,.685,0.7,1.3,.500,1.2,1.3,2.5,0.4,0.3,1.3,0.6,2.1,4.9
Danilo Gallinari,PF,31,OKC,49,49,30.6,5.9,13.4,.439,2.9,7.2,.406,3.0,6.2,.479,.549,4.3,4.8,.903,0.6,5.0,5.6,2.2,0.7,0.1,1.4,1.3,19.1
Langston Galloway,SG,28,DET,59,6,25.9,3.5,8.1,.435,2.0,5.0,.398,1.5,3.1,.495,.558,1.2,1.4,.866,0.5,1.7,2.2,1.6,0.7,0.2,0.6,1.4,10.2
Darius Garland,PG,20,CLE,55,55,30.6,4.7,11.8,.399,1.8,5.1,.355,2.9,6.6,.433,.476,1.1,1.3,.871,0.4,1.4,1.9,3.9,0.7,0.0,2.6,1.6,12.3
Marc Gasol,C,35,TOR,35,35,27.8,2.8,6.6,.424,1.4,3.5,.403,1.4,3.1,.449,.532,0.7,1.0,.722,0.8,5.6,6.5,3.5,0.8,0.9,1.2,2.9,7.8
Rudy Gay,PF,33,SAS,53,5,20.8,3.5,7.9,.436,0.9,2.9,.314,2.5,5.0,.508,.494,1.7,1.9,.873,0.9,4.4,5.3,1.7,0.4,0.4,1.3,1.4,9.5
Paul George,SF,29,LAC,34,34,29.4,7.1,16.8,.426,3.3,8.3,.394,3.9,8.5,.458,.524,4.2,4.6,.899,0.4,5.6,6.1,3.9,1.3,0.5,3.0,2.4,21.7
Taj Gibson,C,34,NYK,53,47,16.5,2.6,4.5,.575,0.1,0.2,.273,2.5,4.3,.590,.581,0.6,0.8,.682,1.8,2.5,4.3,0.9,0.4,0.5,0.8,2.0,5.8
Harry Giles,PF,21,SAC,30,9,13.5,2.6,4.7,.546,0.0,0.0,,2.6,4.7,.546,.546,0.7,0.9,.741,0.9,2.9,3.7,1.3,0.5,0.4,0.9,2.4,5.8
Shai Gilgeous-Alexander,SG,21,OKC,57,57,35.5,7.0,15.1,.464,1.2,3.5,.347,5.8,11.5,.500,.505,4.1,5.1,.811,0.8,5.5,6.2,3.3,1.1,0.6,1.9,1.7,19.4
Rudy Gobert,C,27,UTA,54,54,34.6,5.9,8.6,.688,0.0,0.0,,5.9,8.6,.688,.688,3.7,6.0,.613,3.6,10.8,14.4,1.5,0.6,1.9,2.0,3.1,15.6
Brandon Goodwin,PG,24,ATL,28,1,13.1,2.3,6.0,.383,0.8,2.8,.295,1.5,3.2,.461,.452,0.9,0.9,.962,0.4,1.9,2.3,1.5,0.4,0.1,0.9,1.4,6.3
Aaron Gordon,PF,24,ORL,50,50,32.3,5.3,12.6,.422,1.2,4.0,.303,4.1,8.6,.477,.470,2.3,3.4,.671,1.7,5.7,7.4,3.2,0.8,0.5,1.6,2.0,14.1
Eric Gordon,SG,31,HOU,29,12,29.2,5.0,13.3,.377,2.9,8.7,.332,2.1,4.6,.462,.486,2.2,3.1,.722,0.2,1.8,2.0,1.5,0.7,0.4,1.0,2.0,15.1
Devonte' Graham,PG,24,CHO,56,46,35.0,5.6,15.0,.373,3.4,9.2,.368,2.2,5.8,.380,.486,3.0,3.7,.815,0.7,2.8,3.6,7.7,0.9,0.3,2.9,1.9,17.6
Treveon Graham,SG,26,TOT,46,20,17.5,1.6,4.5,.348,0.6,2.2,.252,1.0,2.3,.442,.411,0.7,1.0,.702,0.8,1.9,2.7,0.7,0.5,0.1,0.5,1.8,4.4
Treveon Graham,SG,26,MIN,33,20,20.1,1.9,5.3,.354,0.6,2.5,.241,1.3,2.8,.457,.411,0.8,1.1,.730,0.9,2.2,3.0,0.9,0.5,0.1,0.6,2.0,5.2
Treveon Graham,SG,26,ATL,13,0,10.8,0.8,2.5,.313,0.5,1.5,.300,0.3,0.9,.333,.406,0.5,0.8,.600,0.6,1.3,1.9,0.2,0.3,0.2,0.3,1.3,2.5
Jerami Grant,PF,25,DEN,56,21,26.2,4.0,8.6,.465,1.3,3.4,.387,2.7,5.2,.516,.542,1.9,2.6,.735,0.9,2.7,3.6,1.1,0.6,0.9,0.8,2.1,11.2
Josh Gray,PG,26,NOP,2,0,11.5,0.5,1.0,.500,0.0,0.0,,0.5,1.0,.500,.500,0.0,0.0,,0.5,0.5,1.0,1.0,0.0,0.0,2.5,0.5,1.0
Danny Green,SG,32,LAL,54,54,24.9,3.0,7.1,.419,1.9,5.0,.375,1.1,2.1,.522,.551,0.6,0.8,.727,0.7,2.7,3.4,1.3,1.2,0.5,0.9,2.1,8.4
Draymond Green,PF,29,GSW,42,42,28.9,2.9,7.5,.387,0.9,3.1,.279,2.0,4.4,.462,.444,1.5,2.0,.759,0.5,5.8,6.3,6.2,1.4,0.8,2.3,2.5,8.2
,,,,,,,,,,,,,,,,,,,,,,,,,,,,
JaMychal Green,PF,29,LAC,47,0,20.7,2.2,5.5,.398,1.3,3.7,.354,0.9,1.8,.488,.517,0.7,0.9,.738,1.4,4.9,6.3,0.7,0.5,0.4,0.9,2.6,6.4
Javonte Green,SF,26,BOS,41,1,9.1,1.2,2.3,.511,0.1,0.6,.261,1.0,1.7,.592,.543,0.6,0.9,.639,0.4,1.3,1.7,0.5,0.5,0.1,0.4,0.9,3.0
Jeff Green,PF,33,TOT,32,2,18.5,2.6,6.4,.402,1.2,3.4,.345,1.4,2.9,.468,.495,1.6,2.0,.769,0.5,2.3,2.8,0.7,0.4,0.3,1.0,1.5,7.9
Jeff Green,PF,33,UTA,30,2,18.4,2.5,6.5,.385,1.1,3.5,.327,1.4,3.0,.451,.472,1.6,2.1,.778,0.5,2.2,2.7,0.7,0.4,0.3,0.9,1.5,7.8
Jeff Green,PF,33,HOU,2,0,19.0,3.5,4.5,.778,2.0,3.0,.667,1.5,1.5,1.000,1.000,0.5,1.0,.500,0.5,3.0,3.5,1.0,0.5,0.0,2.5,1.5,9.5
Blake Griffin,PF,30,DET,18,18,28.4,4.9,13.9,.352,1.5,6.2,.243,3.4,7.7,.439,.406,4.2,5.4,.776,0.9,3.7,4.7,3.3,0.4,0.4,2.2,1.5,15.5
Marko Guduric,SG,24,MEM,35,0,12.7,1.5,4.0,.383,0.6,2.1,.292,0.9,2.0,.478,.457,0.6,0.7,.913,0.3,1.5,1.8,1.2,0.3,0.2,1.0,0.9,4.3
Kyle Guy,SG,22,SAC,2,0,2.0,0.5,1.0,.500,0.0,0.5,.000,0.5,0.5,1.000,.500,0.0,0.0,,0.0,0.0,0.0,0.0,0.0,0.0,0.0,0.0,1.0
Rui Hachimura,PF,21,WAS,32,32,28.8,5.8,11.8,.489,0.4,1.8,.237,5.3,9.9,.536,.508,1.9,2.3,.836,1.5,4.5,6.1,1.7,0.8,0.2,1.0,2.2,13.8
Devon Hall,SG,24,OKC,5,0,4.0,0.2,1.0,.200,0.0,0.4,.000,0.2,0.6,.333,.200,0.6,0.8,.750,0.0,0.2,0.2,0.6,0.0,0.0,0.2,0.2,1.0
Tim Hardaway,SG,27,DAL,54,41,27.6,5.2,12.0,.437,2.8,6.9,.406,2.4,5.1,.478,.554,1.8,2.3,.803,0.4,2.7,3.1,2.0,0.6,0.1,0.9,1.7,15.1
James Harden,SG,30,HOU,53,53,36.9,10.1,23.1,.439,4.6,12.8,.359,5.5,10.3,.538,.538,10.4,12.0,.868,1.1,5.4,6.4,7.4,1.7,1.0,4.4,3.4,35.2
Maurice Harkless,SF,26,TOT,52,38,22.8,2.2,4.3,.511,0.5,1.5,.364,1.7,2.8,.588,.573,0.5,0.8,.571,0.9,3.1,4.0,1.0,1.0,0.6,0.9,2.3,5.4
Maurice Harkless,SF,26,LAC,50,38,22.8,2.2,4.3,.516,0.5,1.5,.370,1.7,2.9,.590,.578,0.5,0.8,.571,0.9,3.1,4.0,1.0,1.0,0.6,0.9,2.4,5.5
Maurice Harkless,SF,26,NYK,2,0,21.0,1.5,4.0,.375,0.5,2.0,.250,1.0,2.0,.500,.438,0.0,0.0,,0.5,3.5,4.0,1.0,0.5,0.0,0.5,1.0,3.5
Jared Harper,PG,22,PHO,3,0,2.7,0.3,1.3,.250,0.0,0.7,.000,0.3,0.7,.500,.250,0.0,0.0,,0.0,0.0,0.0,0.0,0.0,0.0,0.0,0.0,0.7
Montrezl Harrell,C,26,LAC,55,2,28.4,7.7,13.3,.576,0.0,0.3,.000,7.7,13.0,.589,.576,3.5,5.4,.638,2.7,4.4,7.1,1.8,0.7,1.1,1.8,2.3,18.8
Gary Harris,SG,25,DEN,48,47,32.0,3.8,9.5,.398,1.2,4.0,.305,2.6,5.6,.464,.462,1.4,1.7,.829,0.5,2.5,2.9,2.1,1.3,0.2,1.0,2.1,10.2
Joe Harris,SF,28,BRK,54,54,31.3,5.2,11.1,.469,2.4,5.9,.403,2.8,5.1,.545,.577,1.0,1.4,.753,0.9,3.4,4.3,2.1,0.6,0.3,1.4,2.3,13.8
Tobias Harris,PF,27,PHI,57,57,34.4,7.4,15.7,.471,1.7,4.8,.355,5.7,10.9,.523,.526,2.4,3.0,.806,0.7,6.1,6.8,3.0,0.7,0.5,1.5,2.3,18.9
Shaquille Harrison,SF,26,CHI,36,4,8.5,1.4,3.1,.446,0.2,0.7,.269,1.2,2.4,.500,.478,0.8,1.0,.757,0.3,1.2,1.5,0.9,0.5,0.3,0.4,1.0,3.8
Josh Hart,SF,24,NOP,50,14,28.1,3.6,8.6,.425,2.1,5.8,.359,1.6,2.8,.565,.547,1.3,1.7,.741,1.0,5.6,6.6,1.6,1.0,0.4,1.1,2.7,10.6
Isaiah Hartenstein,C,21,HOU,23,2,11.6,1.9,2.9,.657,0.0,0.2,.000,1.9,2.7,.710,.657,0.8,1.2,.679,1.3,2.7,3.9,0.8,0.4,0.5,0.7,1.8,4.7
Udonis Haslem,PF,39,MIA,3,0,7.0,0.3,2.0,.167,0.0,0.7,.000,0.3,1.3,.250,.167,1.0,1.3,.750,0.0,2.7,2.7,0.3,0.0,0.0,0.0,1.0,1.7
,,,,,,,,,,,,,,,,,,,,,,,,,,,,
Jaxson Hayes,C,19,NOP,54,12,17.4,2.8,4.3,.662,0.0,0.1,.250,2.8,4.2,.670,.665,2.0,3.2,.630,1.5,2.6,4.1,0.9,0.4,1.0,0.7,2.6,7.7
Gordon Hayward,SF,29,BOS,39,39,33.4,6.8,13.5,.506,1.6,4.2,.383,5.2,9.3,.560,.565,2.2,2.5,.866,1.1,5.7,6.7,4.3,0.7,0.4,1.8,1.8,17.4
John Henson,PF,29,TOT,34,2,14.4,2.2,4.1,.539,0.2,0.9,.188,2.1,3.2,.642,.560,0.6,1.1,.556,1.2,2.9,4.1,1.4,0.6,1.1,0.8,1.8,5.2
John Henson,PF,29,CLE,29,2,14.2,2.1,4.1,.508,0.2,1.1,.194,1.9,3.1,.618,.533,0.6,1.1,.515,1.1,2.8,3.9,1.5,0.6,1.1,0.7,1.9,5.0
John Henson,PF,29,DET,5,0,15.6,3.0,4.2,.714,0.0,0.2,.000,3.0,4.0,.750,.714,0.6,0.6,1.000,1.8,3.0,4.8,0.8,0.6,1.4,1.2,1.4,6.6
Dewan Hernandez,C,23,TOR,4,0,2.8,0.3,1.3,.200,0.0,0.3,.000,0.3,1.0,.250,.200,0.5,0.5,1.000,0.5,1.3,1.8,0.0,0.3,0.0,0.3,1.5,1.0
Juan Hernangómez,PF,24,TOT,39,5,14.5,1.5,4.2,.366,0.7,2.1,.313,0.9,2.1,.420,.445,0.8,1.2,.652,0.9,2.3,3.1,0.7,0.2,0.2,0.5,1.1,4.5
Juan Hernangómez,PF,24,DEN,34,0,12.4,1.1,3.2,.345,0.4,1.8,.250,0.7,1.5,.460,.414,0.5,0.7,.640,0.7,2.1,2.8,0.6,0.1,0.1,0.5,0.9,3.1
Juan Hernangómez,PF,24,MIN,5,5,28.6,4.4,10.8,.407,2.2,4.6,.478,2.2,6.2,.355,.509,2.8,4.2,.667,2.0,3.4,5.4,0.8,0.6,0.4,0.6,2.6,13.8
Willy Hernangómez,C,25,CHO,24,0,10.6,2.2,4.2,.525,0.2,0.8,.250,2.0,3.4,.593,.550,1.1,1.9,.565,1.3,2.3,3.6,0.7,0.3,0.2,0.9,1.2,5.7
Tyler Herro,SG,20,MIA,46,6,27.7,4.8,11.5,.414,2.2,5.5,.393,2.6,6.0,.433,.508,1.4,1.7,.835,0.3,3.7,4.0,2.0,0.6,0.2,1.6,1.3,13.1
Kevin Hervey,PF,23,OKC,6,0,2.2,0.0,0.8,.000,0.0,0.7,.000,0.0,0.2,.000,.000,0.0,0.0,,0.0,0.3,0.3,0.2,0.0,0.0,0.0,0.2,0.0
Mario Hezonja,PF,24,POR,40,4,16.1,1.5,3.9,.385,0.4,1.3,.283,1.1,2.6,.437,.433,1.0,1.2,.816,0.6,3.0,3.5,0.8,0.6,0.2,0.7,2.2,4.4
Buddy Hield,SG,27,SAC,56,44,33.0,7.3,16.9,.430,3.8,9.7,.385,3.5,7.2,.490,.541,1.8,2.2,.844,0.9,4.0,4.9,3.2,0.9,0.3,2.4,2.4,20.2
George Hill,PG,33,MIL,46,0,21.1,3.4,6.3,.538,1.5,2.9,.508,1.9,3.4,.563,.653,1.2,1.5,.826,0.9,2.1,3.0,3.0,0.8,0.1,0.9,1.4,9.5
Solomon Hill,SF,28,TOT,50,3,18.5,2.0,4.8,.408,1.1,3.0,.377,0.8,1.8,.461,.527,0.5,0.8,.684,0.5,2.4,2.9,1.9,0.7,0.1,0.8,1.5,5.6
Solomon Hill,SF,28,MEM,48,3,18.8,2.0,4.9,.412,1.2,3.1,.381,0.8,1.8,.465,.532,0.5,0.8,.684,0.5,2.5,3.0,2.0,0.6,0.1,0.8,1.5,5.7
Solomon Hill,SF,28,MIA,2,0,11.0,1.0,3.5,.286,0.5,2.0,.250,0.5,1.5,.333,.357,0.0,0.0,,1.0,0.5,1.5,0.0,1.0,0.0,0.5,1.0,2.5
Jaylen Hoard,SF,20,POR,13,0,7.9,1.2,2.5,.469,0.0,0.2,.000,1.2,2.2,.517,.469,0.6,1.0,.615,1.1,1.4,2.5,0.3,0.4,0.0,0.3,0.9,2.9
Aaron Holiday,PG,23,IND,50,20,23.0,3.7,9.0,.415,1.5,3.7,.408,2.2,5.3,.420,.499,1.0,1.2,.862,0.4,1.9,2.2,3.5,0.7,0.2,1.3,1.8,9.9
Jrue Holiday,SG,29,NOP,48,48,34.6,7.6,17.0,.445,2.1,5.8,.356,5.5,11.3,.491,.506,2.1,3.0,.708,1.2,3.5,4.7,6.8,1.7,0.9,3.0,2.1,19.4
Justin Holiday,SG,30,IND,57,2,25.4,2.9,6.6,.434,1.9,4.4,.421,1.0,2.2,.460,.574,0.7,0.9,.759,0.5,2.8,3.3,1.5,1.1,0.6,0.6,1.8,8.3
Rondae Hollis-Jefferson,SF,25,TOR,45,3,19.7,2.8,5.9,.481,0.0,0.4,.118,2.8,5.5,.506,.485,2.0,2.7,.732,2.0,2.9,4.9,1.8,0.9,0.4,1.0,2.1,7.7
Richaun Holmes,C,26,SAC,37,33,29.4,5.5,8.4,.660,0.0,0.0,,5.5,8.4,.660,.660,2.1,2.5,.817,3.1,5.4,8.5,1.0,1.1,1.4,1.2,3.9,13.1
Rodney Hood,SF,27,POR,21,21,29.5,4.1,8.2,.506,1.7,3.4,.493,2.5,4.8,.515,.608,1.0,1.3,.778,0.5,3.0,3.4,1.5,0.8,0.2,0.9,2.2,11.0
Al Horford,C,33,PHI,52,49,30.5,4.8,10.9,.436,1.4,4.4,.320,3.3,6.5,.515,.501,0.8,1.1,.729,1.5,5.1,6.6,3.8,0.9,0.9,1.0,2.2,11.7
,,,,,,,,,,,,,,,,,,,,,,,,,,,,
Talen Horton-Tucker,SG,19,LAL,2,0,2.5,0.0,0.5,.000,0.0,0.5,.000,0.0,0.0,,.000,0.0,0.0,,0.0,0.0,0.0,1.0,0.5,0.0,0.0,0.0,0.0
Danuel House,SF,26,HOU,50,39,30.6,3.6,8.4,.424,2.1,5.5,.382,1.5,2.9,.503,.549,1.2,1.5,.789,1.1,3.4,4.5,1.3,1.1,0.5,0.9,2.1,10.5
Dwight Howard,C,34,LAL,55,2,19.6,3.2,4.3,.734,0.1,0.1,.600,3.1,4.2,.737,.741,1.4,3.0,.472,2.7,5.1,7.7,0.6,0.4,1.3,1.2,3.3,7.8
William Howard,SG,26,HOU,2,0,6.5,0.0,2.0,.000,0.0,2.0,.000,0.0,0.0,,.000,0.0,0.0,,0.0,1.0,1.0,0.5,0.0,0.0,0.5,0.5,0.0
Kevin Huerter,SG,21,ATL,47,39,30.7,4.4,10.8,.411,2.3,5.9,.384,2.2,4.9,.445,.517,1.0,1.2,.825,0.6,3.5,4.1,3.4,0.9,0.4,1.6,2.4,12.2
De'Andre Hunter,SF,22,ATL,54,53,31.6,4.5,10.9,.413,1.7,4.7,.353,2.8,6.2,.459,.490,1.6,2.1,.759,0.6,3.4,4.0,1.8,0.8,0.3,1.6,2.8,12.3
Chandler Hutchison,SF,23,CHI,28,10,18.8,2.9,6.3,.457,0.4,1.4,.316,2.4,4.9,.496,.491,1.6,2.8,.590,0.6,3.2,3.9,0.9,1.0,0.3,1.0,1.7,7.8
Serge Ibaka,C,30,TOR,46,23,27.1,6.5,12.4,.528,1.3,3.1,.408,5.3,9.3,.568,.579,1.8,2.4,.743,2.1,6.0,8.1,1.3,0.5,0.8,2.0,2.8,16.1
Andre Iguodala,SG,36,MIA,5,0,21.0,1.8,3.8,.474,0.8,2.4,.333,1.0,1.4,.714,.579,0.2,0.8,.250,1.6,3.2,4.8,1.6,0.4,0.6,1.0,2.6,4.6
Ersan İlyasova,PF,32,MIL,51,7,16.1,2.6,5.5,.472,0.9,2.3,.373,1.7,3.2,.543,.550,1.2,1.4,.836,1.1,3.9,5.0,0.9,0.4,0.3,0.6,1.5,7.3
Joe Ingles,SF,32,UTA,56,36,30.1,3.5,8.1,.432,2.0,5.0,.393,1.5,3.1,.497,.554,1.0,1.3,.781,0.4,3.7,4.0,5.2,0.9,0.1,1.9,2.2,9.9
Brandon Ingram,PF,22,NOP,49,49,33.9,8.4,17.8,.471,2.5,6.2,.402,5.9,11.6,.508,.541,5.2,6.1,.860,0.8,5.4,6.3,4.3,1.0,0.7,3.0,2.9,24.5
Kyrie Irving,PG,27,BRK,20,20,32.9,10.0,20.8,.478,2.8,7.1,.394,7.2,13.7,.522,.546,4.7,5.1,.922,1.1,4.1,5.2,6.4,1.4,0.5,2.6,2.7,27.4
Jonathan Isaac,SF,22,ORL,32,32,29.7,4.7,10.1,.463,0.9,2.8,.330,3.7,7.2,.515,.509,1.8,2.3,.767,1.8,5.2,6.9,1.4,1.6,2.4,1.5,2.5,12.0
Wesley Iwundu,SF,25,ORL,41,15,18.3,1.7,4.3,.382,0.5,1.5,.323,1.2,2.8,.414,.438,1.3,1.6,.818,0.5,2.0,2.6,1.1,0.6,0.2,0.4,1.5,5.1
Frank Jackson,PG,21,NOP,45,1,13.0,2.0,5.0,.404,0.7,2.3,.314,1.3,2.7,.483,.478,1.0,1.3,.772,0.3,0.9,1.2,0.8,0.3,0.1,0.9,1.4,5.8
Jaren Jackson,C,20,MEM,54,54,28.0,6.1,13.0,.468,2.5,6.3,.397,3.6,6.7,.535,.564,2.3,3.1,.741,1.0,3.7,4.7,1.4,0.7,1.6,1.7,4.1,16.9
Josh Jackson,SG,22,MEM,9,0,18.2,3.0,6.6,.458,0.7,2.7,.250,2.3,3.9,.600,.508,1.4,2.0,.722,0.7,3.2,3.9,1.1,0.8,0.2,1.4,1.9,8.1
Justin Jackson,PF,24,DAL,51,2,16.1,2.2,5.5,.397,0.8,2.7,.301,1.4,2.9,.486,.470,0.6,0.8,.825,0.5,2.0,2.5,0.7,0.2,0.1,0.2,1.1,5.8
Reggie Jackson,PG,29,TOT,15,11,26.9,5.3,13.8,.382,2.2,5.9,.375,3.1,7.9,.387,.461,1.7,2.2,.788,0.7,2.1,2.9,5.1,0.5,0.1,1.7,1.6,14.5
Reggie Jackson,PG,29,DET,14,10,27.2,5.4,14.1,.384,2.2,5.9,.378,3.2,8.3,.388,.462,1.9,2.4,.788,0.8,2.1,2.9,5.1,0.6,0.1,1.6,1.5,14.9
Reggie Jackson,PG,29,LAC,1,1,23.0,3.0,9.0,.333,2.0,6.0,.333,1.0,3.0,.333,.444,0.0,0.0,,0.0,2.0,2.0,4.0,0.0,0.0,2.0,3.0,8.0
,,,,,,,,,,,,,,,,,,,,,,,,,,,,
Justin James,SG,23,SAC,32,0,6.8,1.0,2.4,.423,0.3,0.8,.346,0.8,1.6,.462,.481,0.3,0.7,.476,0.2,0.8,0.9,0.5,0.2,0.3,0.3,0.5,2.7
LeBron James,PG,35,LAL,53,53,34.9,9.6,19.5,.490,2.2,6.2,.345,7.4,13.3,.558,.545,3.9,5.6,.692,1.0,6.8,7.7,10.7,1.2,0.5,3.9,1.8,25.2
Amile Jefferson,PF,26,ORL,18,0,4.1,0.3,0.8,.357,0.0,0.0,,0.3,0.8,.357,.357,0.3,0.8,.357,0.6,0.7,1.3,0.2,0.1,0.2,0.2,0.4,0.8
DaQuan Jeffries,SG,22,SAC,6,0,3.2,0.5,1.2,.429,0.2,0.7,.250,0.3,0.5,.667,.500,0.0,0.0,,0.2,0.0,0.2,0.2,0.2,0.0,0.0,0.5,1.2
Ty Jerome,PG,22,PHO,23,0,11.7,1.4,4.0,.355,0.5,1.7,.275,1.0,2.3,.415,.414,0.5,0.6,.786,0.3,1.3,1.6,1.7,0.6,0.1,0.8,1.1,3.8
Alize Johnson,SF,23,IND,12,0,4.2,0.6,1.3,.467,0.0,0.0,,0.6,1.3,.467,.467,0.3,0.5,.667,0.6,0.8,1.4,0.2,0.0,0.0,0.2,0.5,1.5
B.J. Johnson,SF,24,ORL,8,0,5.8,0.6,2.3,.278,0.1,0.8,.167,0.5,1.5,.333,.306,0.3,0.3,1.000,0.1,0.6,0.8,0.3,0.3,0.0,0.4,0.0,1.6
Cameron Johnson,PF,23,PHO,44,1,19.8,2.7,6.5,.412,1.8,4.5,.391,0.9,2.0,.460,.548,0.7,1.0,.762,0.8,2.0,2.8,1.1,0.6,0.3,0.6,1.4,7.8
James Johnson,PF,32,TOT,23,1,17.8,2.4,5.6,.434,1.0,2.7,.365,1.4,2.9,.500,.523,0.7,1.1,.654,0.6,2.8,3.4,1.7,0.7,0.9,1.2,2.3,6.6
James Johnson,PF,32,MIA,18,0,15.6,2.2,4.8,.448,0.9,2.5,.356,1.3,2.3,.548,.540,0.4,0.8,.571,0.4,2.4,2.9,1.2,0.3,0.7,0.8,1.9,5.7
James Johnson,PF,32,MIN,5,1,25.6,3.4,8.4,.405,1.4,3.6,.389,2.0,4.8,.417,.488,1.8,2.4,.750,1.0,4.2,5.2,3.6,1.8,1.6,2.4,3.6,10.0
Keldon Johnson,SF,20,SAS,5,0,5.0,1.2,3.0,.400,0.0,0.2,.000,1.2,2.8,.429,.400,0.2,0.4,.500,0.4,0.8,1.2,0.6,0.0,0.0,0.2,0.4,2.6
Stanley Johnson,PF,23,TOR,19,0,5.0,0.4,1.6,.267,0.1,0.7,.154,0.3,0.9,.353,.300,0.3,0.3,.833,0.2,1.0,1.2,0.4,0.2,0.1,0.4,0.5,1.2
Tyler Johnson,SG,27,PHO,31,3,16.6,2.1,5.5,.380,0.8,2.7,.289,1.3,2.8,.466,.450,0.8,1.0,.750,0.3,1.4,1.7,1.6,0.4,0.3,0.8,1.4,5.7
Nikola Jokić,C,24,DEN,57,57,32.5,8.1,15.4,.527,1.2,3.7,.329,6.9,11.7,.590,.567,3.4,4.2,.813,2.4,7.7,10.1,6.9,1.2,0.7,3.0,3.1,20.9
Damian Jones,C,24,ATL,51,27,16.7,2.3,3.4,.686,0.0,0.2,.250,2.3,3.2,.707,.692,1.2,1.6,.738,1.4,2.4,3.8,0.6,0.5,0.7,0.5,2.7,5.9
Derrick Jones,SF,22,MIA,42,7,24.5,3.1,6.3,.496,0.7,2.5,.279,2.4,3.8,.638,.551,1.8,2.3,.784,1.0,3.1,4.2,1.0,1.0,0.7,0.6,2.2,8.7
Tyus Jones,PG,23,MEM,56,6,18.8,2.9,6.2,.474,0.6,1.6,.396,2.3,4.6,.502,.526,0.6,0.8,.744,0.1,1.4,1.6,4.5,0.8,0.1,0.9,0.6,7.1
DeAndre Jordan,C,31,BRK,47,4,21.6,3.4,5.1,.667,0.0,0.0,,3.4,5.1,.667,.667,1.5,2.1,.700,2.5,7.4,9.9,2.0,0.3,1.0,1.4,2.0,8.3
Cory Joseph,PG,28,SAC,56,21,24.6,2.4,5.9,.411,0.8,2.2,.347,1.7,3.8,.448,.474,0.7,0.9,.800,0.6,2.0,2.6,3.3,0.7,0.3,1.1,1.9,6.4
Mfiondu Kabengele,C,22,LAC,12,0,5.3,1.2,2.7,.438,0.8,1.7,.450,0.4,1.0,.417,.578,0.4,0.4,1.000,0.1,0.8,0.9,0.2,0.2,0.2,0.2,0.8,3.5
Frank Kaminsky,C,26,PHO,32,13,22.4,4.0,8.7,.455,1.2,3.5,.348,2.8,5.2,.527,.525,1.8,2.8,.670,0.9,4.0,4.9,2.2,0.4,0.3,1.0,2.2,11.0
,,,,,,,,,,,,,,,,,,,,,,,,,,,,
Enes Kanter,C,27,BOS,44,6,18.1,3.7,6.5,.577,0.0,0.2,.143,3.7,6.3,.588,.579,1.3,1.8,.700,2.8,5.2,8.0,1.0,0.4,0.8,1.1,1.8,8.8
Luke Kennard,SG,23,DET,28,25,32.9,5.4,12.2,.442,2.6,6.5,.399,2.8,5.7,.491,.548,2.4,2.7,.893,0.3,3.2,3.5,4.1,0.4,0.2,1.5,2.3,15.8
Stanton Kidd,SF,27,UTA,4,0,3.8,0.0,0.8,.000,0.0,0.3,.000,0.0,0.5,.000,.000,0.0,0.0,,0.0,0.8,0.8,0.3,0.0,0.0,0.5,0.8,0.0
Michael Kidd-Gilchrist,PF-SF,26,TOT,14,0,12.1,1.3,3.9,.333,0.4,1.2,.294,0.9,2.6,.351,.380,0.5,0.6,.778,0.7,1.9,2.6,0.7,0.0,0.2,0.6,1.6,3.4
Michael Kidd-Gilchrist,PF,26,CHO,12,0,13.3,1.5,4.4,.340,0.4,1.4,.294,1.1,3.0,.361,.387,0.6,0.8,.778,0.8,2.2,2.9,0.8,0.0,0.3,0.6,1.5,4.0
Michael Kidd-Gilchrist,SF,26,DAL,2,0,4.5,0.0,0.5,.000,0.0,0.0,,0.0,0.5,.000,.000,0.0,0.0,,0.5,0.0,0.5,0.0,0.0,0.0,0.5,2.0,0.0
Louis King,SF,20,DET,10,0,6.2,0.8,2.1,.381,0.4,1.1,.364,0.4,1.0,.400,.476,0.0,0.3,.000,0.1,0.9,1.0,0.5,0.2,0.0,0.2,1.0,2.0
Maxi Kleber,C,28,DAL,56,16,25.0,3.3,7.0,.467,1.6,4.2,.380,1.6,2.7,.601,.582,1.1,1.3,.901,1.6,3.6,5.3,1.0,0.3,1.1,0.7,2.3,9.3
Brandon Knight,PG,28,TOT,19,0,15.1,1.7,5.3,.327,1.2,4.1,.295,0.5,1.2,.435,.441,0.4,0.9,.471,0.2,1.1,1.2,1.9,0.3,0.1,1.2,1.3,5.1
Brandon Knight,PG,28,CLE,16,0,15.1,1.8,5.4,.326,1.2,4.0,.297,0.6,1.4,.409,.436,0.3,0.8,.308,0.2,1.1,1.3,1.9,0.3,0.1,1.0,1.3,4.9
Brandon Knight,PG,28,DET,3,0,15.0,1.7,5.0,.333,1.3,4.7,.286,0.3,0.3,1.000,.467,1.3,1.3,1.000,0.0,1.0,1.0,1.7,0.3,0.0,2.3,1.7,6.0
Kevin Knox,SF,20,NYK,55,4,18.3,2.3,6.3,.368,1.0,3.2,.324,1.3,3.1,.414,.451,1.1,1.6,.659,0.4,2.5,2.8,1.0,0.4,0.4,0.7,1.6,6.7
John Konchar,SG,23,MEM,6,0,5.7,0.5,0.8,.600,0.0,0.3,.000,0.5,0.5,1.000,.600,0.2,0.2,1.000,0.0,0.3,0.3,0.5,0.0,0.0,0.0,0.2,1.2
Furkan Korkmaz,SG,22,PHI,56,12,21.3,3.5,8.0,.438,1.9,4.9,.396,1.6,3.1,.506,.559,0.7,0.9,.712,0.3,2.0,2.3,0.9,0.5,0.3,0.7,1.3,9.6
Luke Kornet,C,24,CHI,36,14,15.5,2.3,5.2,.439,0.9,3.0,.287,1.4,2.2,.646,.521,0.6,0.8,.714,0.6,1.7,2.3,0.9,0.3,0.7,0.4,1.5,6.0
Kyle Korver,SF,38,MIL,47,0,16.6,2.1,5.0,.418,1.6,4.0,.407,0.5,1.0,.458,.580,0.6,0.7,.839,0.3,1.8,2.1,1.2,0.4,0.2,0.8,1.3,6.4
Rodions Kurucs,PF,21,BRK,33,4,12.9,1.7,3.5,.487,0.8,1.6,.463,1.0,1.9,.508,.594,0.4,0.7,.636,0.5,1.9,2.4,0.9,0.4,0.1,1.0,1.7,4.6
Kyle Kuzma,PF,24,LAL,46,6,24.7,4.7,10.7,.434,1.4,4.4,.322,3.2,6.3,.512,.500,1.8,2.5,.730,0.9,3.5,4.4,1.3,0.3,0.4,1.6,1.9,12.5
Skal Labissière,C,23,POR,33,1,17.2,2.5,4.5,.551,0.1,0.4,.231,2.4,4.1,.582,.561,0.8,1.0,.758,2.0,3.2,5.1,1.3,0.2,0.9,0.9,2.7,5.8
Jeremy Lamb,SG,27,IND,46,42,28.1,4.7,10.4,.451,1.2,3.4,.335,3.5,7.0,.508,.506,2.0,2.4,.836,0.5,3.8,4.3,2.1,1.2,0.5,1.1,2.3,12.5
Romeo Langford,SG,20,BOS,20,1,11.0,1.1,2.4,.447,0.3,0.9,.278,0.8,1.5,.552,.500,0.7,1.1,.667,0.3,0.7,1.0,0.2,0.3,0.3,0.3,1.2,3.1
Zach LaVine,SG,24,CHI,58,58,34.6,8.8,19.6,.448,3.1,8.0,.382,5.7,11.7,.493,.525,4.6,5.6,.816,0.7,4.2,4.8,4.2,1.5,0.5,3.4,2.1,25.2
Vic Law,SF,24,ORL,3,0,1.3,0.0,0.7,.000,0.0,0.3,.000,0.0,0.3,.000,.000,0.0,0.7,.000,0.0,0.0,0.0,0.0,0.0,0.0,0.0,0.0,0.0
Jake Layman,PF,25,MIN,14,2,26.4,4.4,9.4,.462,1.4,3.9,.352,3.0,5.6,.538,.534,0.4,0.7,.600,0.9,2.1,2.9,0.8,0.9,0.7,1.3,2.2,10.5
,,,,,,,,,,,,,,,,,,,,,,,,,,,,
T.J. Leaf,PF,22,IND,23,1,8.0,1.2,2.9,.418,0.2,0.6,.357,1.0,2.3,.434,.455,0.3,0.5,.583,0.9,1.8,2.7,0.3,0.3,0.1,0.3,0.8,3.0
Jalen Lecque,PG,19,PHO,4,0,6.5,1.0,2.5,.400,0.0,1.0,.000,1.0,1.5,.667,.400,0.5,0.5,1.000,0.0,0.0,0.0,0.5,0.0,0.0,0.3,0.5,2.5
Courtney Lee,SG,34,DAL,15,4,10.9,1.5,2.9,.512,0.9,1.9,.464,0.6,1.0,.600,.663,0.1,0.1,.500,0.1,0.7,0.9,0.5,0.4,0.3,0.2,1.1,3.9
Damion Lee,SG,27,GSW,41,28,28.1,4.2,10.1,.418,1.5,4.3,.354,2.7,5.8,.466,.494,2.3,2.6,.887,0.7,4.1,4.8,2.5,1.0,0.1,1.4,2.3,12.3
Alex Len,C,26,TOT,41,9,18.6,3.5,6.4,.544,0.3,1.4,.250,3.1,5.0,.623,.570,1.3,2.0,.627,1.8,4.0,5.8,1.0,0.5,0.8,1.0,2.4,8.6
Alex Len,C,26,ATL,40,9,18.6,3.6,6.5,.546,0.4,1.4,.250,3.2,5.1,.627,.573,1.3,2.0,.630,1.7,4.0,5.8,1.1,0.5,0.8,1.0,2.3,8.7
Alex Len,C,26,SAC,1,0,16.0,1.0,3.0,.333,0.0,0.0,,1.0,3.0,.333,.333,1.0,2.0,.500,4.0,4.0,8.0,0.0,1.0,1.0,3.0,4.0,3.0
Kawhi Leonard,SF,28,LAC,43,43,32.6,9.5,20.5,.462,2.2,5.7,.380,7.3,14.8,.494,.515,6.1,6.8,.898,1.0,6.5,7.5,5.3,1.8,0.7,3.0,1.9,27.3
Meyers Leonard,C,27,MIA,49,49,20.1,2.4,4.6,.520,1.0,2.4,.429,1.3,2.1,.625,.635,0.3,0.5,.654,0.6,4.5,5.1,1.1,0.3,0.3,0.7,2.1,6.1
Caris LeVert,SG,25,BRK,30,16,27.7,5.8,14.6,.396,1.6,4.2,.370,4.2,10.4,.407,.450,2.5,3.5,.712,0.9,2.7,3.7,3.6,1.1,0.2,2.6,1.8,15.6
Damian Lillard,PG,29,POR,54,54,37.0,9.4,20.4,.460,3.9,10.0,.393,5.5,10.4,.524,.556,6.8,7.7,.889,0.5,3.8,4.4,7.9,1.0,0.3,2.9,1.7,29.5
Nassir Little,PF,19,POR,41,5,12.7,1.4,3.3,.434,0.3,1.3,.259,1.1,2.0,.549,.485,0.6,1.0,.667,0.8,1.8,2.5,0.5,0.2,0.3,0.4,1.7,3.9
Kevon Looney,C,23,GSW,17,4,12.5,1.2,3.6,.339,0.1,0.6,.091,1.2,3.0,.392,.347,0.4,0.5,.667,1.4,1.8,3.1,0.8,0.6,0.2,0.5,1.7,2.9
Brook Lopez,C,31,MIL,54,53,26.7,3.9,9.2,.428,1.4,4.7,.294,2.6,4.5,.568,.503,1.5,1.8,.835,0.6,3.9,4.5,1.7,0.7,2.5,1.0,2.3,10.7
Robin Lopez,C,31,MIL,52,2,13.8,2.3,4.5,.502,0.4,1.5,.291,1.8,3.0,.610,.552,0.4,0.8,.535,0.9,1.6,2.5,0.7,0.2,0.7,0.8,1.2,5.4
Kevin Love,PF,31,CLE,47,47,31.1,5.9,12.9,.456,2.6,6.8,.381,3.3,6.2,.538,.555,3.1,3.7,.849,0.9,8.7,9.6,3.0,0.6,0.3,2.5,1.6,17.5
Kyle Lowry,PG,33,TOR,45,45,36.3,5.9,14.1,.420,2.9,8.0,.357,3.1,6.1,.504,.522,4.7,5.4,.857,0.6,4.2,4.8,7.7,1.3,0.4,3.0,3.2,19.4
Timothé Luwawu-Cabarrot,SG,24,BRK,30,0,15.4,1.8,4.3,.426,0.9,2.3,.412,0.9,2.0,.443,.535,1.1,1.4,.791,0.6,1.7,2.3,0.5,0.4,0.1,0.8,1.8,5.7
Trey Lyles,PF,24,SAS,56,46,18.6,2.1,4.8,.440,0.9,2.4,.364,1.3,2.4,.515,.530,0.4,0.6,.688,1.1,4.4,5.6,1.0,0.3,0.4,0.6,1.5,5.5
Daryl Macon,SG,24,MIA,4,0,3.5,0.3,0.8,.333,0.3,0.5,.500,0.0,0.3,.000,.500,0.0,0.0,,0.0,0.0,0.0,0.3,0.0,0.0,0.5,0.3,0.8
J.P. Macura,SG,24,CLE,1,0,1.0,0.0,0.0,,0.0,0.0,,0.0,0.0,,,0.0,0.0,,0.0,0.0,0.0,0.0,0.0,0.0,0.0,0.0,0.0
Josh Magette,PG,30,ORL,8,0,4.8,0.6,1.9,.333,0.1,0.5,.250,0.5,1.4,.364,.367,0.1,0.3,.500,0.1,0.6,0.8,0.6,0.4,0.1,0.6,0.5,1.5
,,,,,,,,,,,,,,,,,,,,,,,,,,,,
Ian Mahinmi,C,33,WAS,35,32,21.4,2.8,5.5,.500,0.1,0.7,.208,2.6,4.9,.541,.513,1.9,3.1,.636,2.1,3.7,5.9,1.3,0.8,1.2,1.3,3.0,7.6
Thon Maker,C,22,DET,54,13,12.9,1.6,3.1,.506,0.4,1.1,.345,1.2,2.0,.591,.565,1.3,1.9,.667,0.9,1.8,2.7,0.7,0.4,0.6,0.8,1.7,4.8
Terance Mann,SG,23,LAC,35,6,7.7,0.6,1.5,.407,0.1,0.3,.250,0.5,1.2,.452,.435,0.3,0.3,.750,0.1,0.8,0.9,1.1,0.2,0.1,0.4,1.0,1.6
Boban Marjanović,C,31,DAL,29,1,8.9,2.3,4.2,.545,0.1,0.3,.333,2.2,3.9,.561,.557,0.9,1.3,.730,1.3,2.7,4.0,0.4,0.1,0.2,0.7,1.4,5.7
Lauri Markkanen,PF,22,CHI,46,46,30.3,5.1,12.0,.424,2.2,6.4,.344,2.9,5.6,.516,.515,2.7,3.2,.826,1.2,5.2,6.5,1.5,0.8,0.5,1.7,2.0,15.0
Caleb Martin,SF,24,CHO,9,1,11.9,0.9,2.8,.320,0.2,0.9,.250,0.7,1.9,.353,.360,0.4,0.8,.571,0.2,1.3,1.6,0.8,0.3,0.2,0.6,1.6,2.4
Cody Martin,SF,24,CHO,39,1,16.2,1.6,3.8,.420,0.4,1.5,.237,1.3,2.3,.538,.467,0.8,1.2,.638,0.7,2.1,2.9,1.4,0.7,0.2,0.7,1.5,4.4
Jeremiah Martin,PG,23,BRK,2,0,5.5,0.5,2.0,.250,0.0,0.0,,0.5,2.0,.250,.250,0.0,0.0,,0.0,0.5,0.5,0.5,0.5,0.0,0.0,0.0,1.0
Kelan Martin,SF,24,MIN,24,4,17.3,2.4,6.3,.380,0.9,3.3,.266,1.5,3.0,.507,.450,0.8,0.8,1.000,0.3,3.0,3.3,0.5,0.3,0.4,0.6,1.8,6.5
Frank Mason,PG,25,MIL,4,0,4.5,0.3,1.8,.143,0.3,1.0,.250,0.0,0.8,.000,.214,0.5,1.0,.500,0.3,0.3,0.5,1.3,0.3,0.0,0.3,0.5,1.3
Garrison Mathews,SG,23,WAS,16,0,12.6,1.4,3.1,.460,1.1,2.6,.429,0.3,0.5,.625,.640,1.8,2.0,.906,0.4,1.1,1.4,0.6,0.2,0.1,0.4,1.6,5.8
Wesley Matthews,SG,33,MIL,53,53,24.6,2.5,6.2,.407,1.6,4.3,.373,0.9,1.9,.485,.536,0.8,1.0,.774,0.2,2.2,2.5,1.5,0.6,0.2,0.7,1.5,7.4
Patrick McCaw,SF,24,TOR,31,11,24.1,1.9,4.4,.438,0.7,1.9,.362,1.3,2.5,.494,.515,0.4,0.5,.750,0.5,1.6,2.2,2.3,1.1,0.1,0.8,1.5,4.9
CJ McCollum,SG,28,POR,54,54,35.9,8.6,19.2,.448,2.8,7.1,.387,5.9,12.1,.484,.520,1.8,2.4,.750,0.6,3.4,4.0,4.0,0.7,0.6,1.8,2.5,21.8
T.J. McConnell,PG,27,IND,55,3,18.9,3.0,5.8,.520,0.1,0.2,.308,2.9,5.6,.529,.527,0.5,0.6,.829,0.5,2.1,2.6,5.1,0.7,0.2,1.4,1.0,6.6
Jalen McDaniels,PF,22,CHO,7,0,14.9,1.9,3.6,.520,0.7,1.4,.500,1.1,2.1,.533,.620,0.7,0.9,.833,0.6,2.7,3.3,0.3,0.4,0.0,0.1,1.9,5.1
Doug McDermott,PF,28,IND,57,0,20.5,3.9,8.0,.488,1.9,4.4,.444,2.0,3.6,.541,.609,0.7,0.9,.816,0.4,2.1,2.5,1.1,0.1,0.1,0.6,1.8,10.4
JaVale McGee,C,32,LAL,53,53,16.7,3.1,4.8,.643,0.1,0.1,.500,3.0,4.6,.646,.649,0.8,1.3,.642,1.8,4.0,5.8,0.6,0.5,1.5,0.8,2.4,7.0
Rodney McGruder,SG,28,LAC,44,3,16.1,1.3,3.3,.381,0.5,1.7,.267,0.8,1.6,.500,.449,0.3,0.6,.500,0.6,2.2,2.8,0.7,0.5,0.2,0.5,1.5,3.3
Alfonzo McKinnie,SF,27,CLE,37,1,14.4,1.7,4.1,.414,0.3,1.6,.203,1.4,2.5,.548,.454,0.5,0.8,.690,0.8,1.9,2.8,0.4,0.6,0.2,0.6,1.7,4.3
,,,,,,,,,,,,,,,,,,,,,,,,,,,,
Jordan McLaughlin,PG,23,MIN,21,2,19.5,2.8,6.0,.460,1.0,2.7,.386,1.7,3.3,.522,.548,0.7,1.0,.750,0.2,1.6,1.8,4.1,1.0,0.2,0.8,1.0,7.3
Ben McLemore,SG,26,HOU,56,18,23.4,3.4,7.8,.444,2.5,6.5,.392,0.9,1.3,.699,.607,0.8,1.0,.759,0.3,1.9,2.2,0.9,0.6,0.2,0.8,2.0,10.2
Jordan McRae,SG,28,TOT,32,4,21.3,4.2,10.1,.419,1.3,3.4,.382,2.9,6.6,.439,.484,2.1,2.7,.770,0.6,2.8,3.4,2.7,0.6,0.5,1.2,2.0,11.8
Jordan McRae,SG,28,WAS,29,4,22.6,4.6,10.9,.420,1.4,3.7,.377,3.2,7.3,.441,.483,2.2,2.9,.771,0.6,3.0,3.6,2.8,0.7,0.5,1.3,2.1,12.8
Jordan McRae,SG,28,DEN,3,0,9.0,0.7,1.7,.400,0.7,1.3,.500,0.0,0.3,.000,.600,1.0,1.3,.750,0.3,1.3,1.7,1.3,0.3,0.3,0.0,0.7,3.0
Nicolò Melli,C,29,NOP,45,6,16.0,2.3,5.0,.464,1.3,3.2,.397,1.0,1.7,.590,.594,0.7,0.9,.769,0.7,2.2,2.9,1.1,0.6,0.3,0.8,1.9,6.6
De'Anthony Melton,PG,21,MEM,43,0,18.7,2.9,6.7,.432,0.6,2.0,.298,2.3,4.7,.488,.476,1.9,2.2,.842,0.7,3.0,3.6,3.0,1.3,0.3,1.5,1.8,8.2
Chimezie Metu,PF,22,SAS,16,0,4.6,1.3,2.2,.571,0.0,0.1,.000,1.3,2.1,.588,.571,0.4,0.5,.750,0.6,1.0,1.6,0.4,0.1,0.3,0.3,0.3,2.9
Khris Middleton,SF,28,MIL,49,46,29.7,7.6,14.9,.508,2.4,5.5,.443,5.1,9.4,.546,.590,3.1,3.4,.905,0.8,5.4,6.2,4.2,0.9,0.1,2.0,2.2,20.7
Eric Mika,PF,25,SAC,1,0,19.0,2.0,3.0,.667,0.0,0.0,,2.0,3.0,.667,.667,2.0,2.0,1.000,2.0,5.0,7.0,0.0,0.0,0.0,0.0,5.0,6.0
C.J. Miles,SG,32,WAS,10,0,16.1,1.9,5.9,.322,1.1,3.5,.314,0.8,2.4,.333,.415,1.5,2.0,.750,0.4,0.8,1.2,1.2,1.0,0.4,0.4,1.4,6.4
Malcolm Miller,SF,26,TOR,24,1,5.2,0.3,1.0,.348,0.3,0.8,.333,0.1,0.2,.400,.478,0.0,0.3,.167,0.0,0.5,0.6,0.3,0.2,0.1,0.1,0.5,1.0
Patty Mills,PG,31,SAS,56,1,22.9,3.9,9.3,.427,2.4,6.2,.385,1.6,3.0,.512,.556,1.4,1.7,.842,0.3,1.3,1.6,1.8,0.8,0.1,0.8,1.5,11.7
Paul Millsap,PF,34,DEN,37,34,24.5,4.2,8.8,.485,1.1,2.5,.451,3.1,6.3,.498,.548,2.6,3.1,.850,1.9,4.0,6.0,1.5,0.9,0.7,1.2,2.8,12.2
Shake Milton,SG,23,PHI,24,8,15.2,2.3,5.2,.440,1.0,2.7,.369,1.3,2.5,.517,.536,1.1,1.4,.788,0.3,1.7,1.9,1.5,0.4,0.0,1.0,1.7,6.7
Donovan Mitchell,SG,23,UTA,55,55,34.4,9.0,19.7,.457,2.4,6.7,.360,6.6,13.0,.506,.518,3.8,4.5,.861,0.7,3.7,4.3,4.3,1.1,0.2,2.7,2.4,24.2
Naz Mitrou-Long,SG,26,IND,3,0,14.3,2.0,5.3,.375,0.7,3.7,.182,1.3,1.7,.800,.438,0.0,0.0,,0.0,2.0,2.0,2.3,0.3,0.3,0.7,0.3,4.7
Adam Mokoka,SG,21,CHI,8,0,7.1,0.9,2.4,.368,0.4,1.1,.333,0.5,1.3,.400,.447,0.0,0.3,.000,0.8,0.1,0.9,0.4,0.3,0.0,0.1,1.0,2.1
Malik Monk,SG,21,CHO,54,0,21.1,3.9,8.8,.438,1.1,3.7,.290,2.8,5.1,.545,.499,1.5,1.9,.820,0.5,2.4,2.9,2.1,0.4,0.3,1.4,1.3,10.3
Matt Mooney,SG,22,CLE,2,0,2.5,0.5,1.0,.500,0.0,0.5,.000,0.5,0.5,1.000,.500,0.0,0.0,,0.0,0.5,0.5,0.5,0.0,0.5,0.0,0.5,1.0
E'Twaun Moore,SG,30,NOP,44,5,19.6,3.7,8.6,.426,1.3,3.4,.373,2.4,5.2,.461,.500,0.6,0.9,.659,0.6,1.9,2.5,1.5,0.5,0.2,0.7,1.5,9.3
Ja Morant,PG,20,MEM,50,50,29.9,6.7,13.5,.492,0.8,2.1,.355,5.9,11.4,.518,.520,3.6,4.6,.777,0.6,2.8,3.4,6.9,1.0,0.3,3.3,1.6,17.6
,,,,,,,,,,,,,,,,,,,,,,,,,,,,
Juwan Morgan,PF,22,UTA,15,0,4.5,0.6,1.1,.563,0.1,0.3,.250,0.5,0.8,.667,.594,0.0,0.0,,0.3,0.9,1.3,0.1,0.0,0.1,0.2,0.5,1.3
Marcus Morris,SF-PF,30,TOT,47,47,32.3,6.3,14.4,.440,2.6,6.0,.429,3.8,8.4,.448,.530,3.5,4.2,.823,1.1,4.3,5.4,1.4,0.8,0.4,1.7,3.0,18.7
Marcus Morris,SF,30,NYK,43,43,32.3,6.5,14.8,.442,2.7,6.1,.439,3.8,8.7,.444,.533,3.8,4.6,.823,1.1,4.3,5.4,1.4,0.8,0.4,1.7,3.0,19.6
Marcus Morris,PF,30,LAC,4,4,32.8,4.3,10.3,.415,1.3,4.5,.278,3.0,5.8,.522,.476,0.0,0.0,,0.5,4.3,4.8,1.5,0.8,1.0,2.3,3.0,9.8
Markieff Morris,PF,30,DET,44,16,22.5,4.0,8.8,.450,1.7,4.3,.397,2.3,4.5,.500,.546,1.4,1.8,.772,0.5,3.4,3.9,1.6,0.6,0.3,1.6,2.4,11.0
Monte Morris,PG,24,DEN,57,8,21.3,3.5,7.5,.461,0.8,2.2,.387,2.6,5.3,.492,.518,0.8,1.0,.800,0.4,1.5,1.8,3.6,0.8,0.2,0.7,1.0,8.5
Johnathan Motley,PF,24,LAC,13,0,3.2,0.8,1.2,.733,0.1,0.1,1.000,0.8,1.1,.714,.767,0.4,0.5,.714,0.2,0.5,0.8,0.6,0.2,0.0,0.4,0.5,2.2
Emmanuel Mudiay,PG,23,UTA,46,1,16.1,2.9,6.2,.472,0.6,1.6,.360,2.3,4.5,.512,.519,1.1,1.5,.746,0.4,2.1,2.5,2.3,0.4,0.2,1.4,1.3,7.5
Dejounte Murray,PG,23,SAS,52,44,24.7,4.3,8.8,.483,0.6,1.4,.387,3.7,7.4,.501,.514,1.3,1.7,.795,1.2,4.6,5.8,4.0,1.7,0.3,1.9,2.2,10.4
Jamal Murray,PG,22,DEN,47,47,32.5,7.1,15.4,.457,1.8,5.3,.339,5.3,10.1,.520,.516,3.0,3.3,.892,0.7,3.2,3.9,4.8,1.2,0.3,2.3,1.7,18.9
Džanan Musa,SF,20,BRK,35,0,11.5,1.4,4.0,.360,0.4,1.9,.231,1.0,2.1,.473,.414,0.9,1.3,.750,0.5,1.5,2.0,0.9,0.4,0.0,0.8,0.7,4.2
Mike Muscala,C,28,OKC,38,0,12.3,1.6,3.9,.413,1.1,3.0,.363,0.6,1.0,.568,.550,0.5,0.6,.818,0.3,2.0,2.4,0.8,0.2,0.3,0.3,1.2,4.8
Sviatoslav Mykhailiuk,SF,22,DET,49,20,22.1,2.9,6.8,.428,2.0,4.8,.415,0.9,2.0,.459,.574,1.0,1.2,.860,0.3,1.4,1.7,1.6,0.6,0.1,1.0,1.5,8.8
Abdel Nader,SF,26,OKC,41,5,15.3,2.1,4.4,.470,0.8,2.2,.360,1.3,2.2,.576,.558,0.9,1.2,.792,0.3,1.3,1.6,0.6,0.4,0.3,0.8,1.3,5.9
Larry Nance,C,27,CLE,47,8,25.1,3.9,7.4,.524,1.0,2.9,.338,2.9,4.5,.645,.591,0.9,1.3,.678,1.8,5.4,7.3,1.9,0.9,0.4,1.1,1.6,9.6
Shabazz Napier,PG,28,TOT,42,22,23.1,3.1,7.6,.408,1.3,4.3,.309,1.8,3.3,.536,.495,1.9,2.3,.827,0.5,2.4,2.9,5.0,1.2,0.2,2.1,1.7,9.5
Shabazz Napier,PG,28,MIN,36,22,23.8,3.2,7.9,.403,1.3,4.4,.296,1.9,3.4,.540,.486,2.0,2.4,.818,0.5,2.6,3.1,5.2,1.1,0.2,2.1,1.7,9.6
Shabazz Napier,PG,28,WAS,6,0,18.8,2.7,6.0,.444,1.5,3.7,.409,1.2,2.3,.500,.569,1.5,1.7,.900,0.5,1.3,1.8,3.8,1.5,0.2,2.0,1.3,8.3
Raul Neto,PG,27,PHI,46,3,11.2,1.5,3.4,.430,0.5,1.4,.369,1.0,2.0,.473,.506,0.4,0.5,.818,0.2,0.8,1.1,1.5,0.5,0.1,0.8,0.8,3.9
Malik Newman,SG,22,CLE,1,0,4.0,0.0,2.0,.000,0.0,1.0,.000,0.0,1.0,.000,.000,2.0,2.0,1.000,0.0,0.0,0.0,0.0,0.0,0.0,1.0,0.0,2.0
Georges Niang,PF,26,UTA,50,0,13.5,2.1,4.5,.458,1.3,3.1,.419,0.8,1.4,.543,.602,0.4,0.4,.864,0.2,1.7,1.9,0.7,0.2,0.1,0.5,1.2,5.8
Nerlens Noel,C,25,OKC,48,6,18.6,3.2,4.8,.680,0.0,0.1,.333,3.2,4.7,.684,.682,1.5,1.8,.795,1.6,3.4,5.0,1.0,1.1,1.5,1.0,2.6,7.9
Zach Norvell,SG,22,TOT,5,0,8.2,0.6,2.4,.250,0.6,1.6,.375,0.0,0.8,.000,.375,0.2,0.2,1.000,0.0,1.2,1.2,0.6,0.4,0.0,0.6,0.8,2.0
Zach Norvell,SG,22,LAL,2,0,2.5,0.0,0.5,.000,0.0,0.0,,0.0,0.5,.000,.000,0.0,0.0,,0.0,0.5,0.5,0.0,0.0,0.0,0.0,0.0,0.0
Zach Norvell,SG,22,GSW,3,0,12.0,1.0,3.7,.273,1.0,2.7,.375,0.0,1.0,.000,.409,0.3,0.3,1.000,0.0,1.7,1.7,1.0,0.7,0.0,1.0,1.3,3.3
Jaylen Nowell,SG,20,MIN,10,0,11.7,1.6,4.4,.364,0.3,2.3,.130,1.3,2.1,.619,.398,1.1,1.2,.917,0.3,0.7,1.0,1.3,0.0,0.1,0.3,0.6,4.6
,,,,,,,,,,,,,,,,,,,,,,,,,,,,
Frank Ntilikina,PG,21,NYK,50,26,20.8,2.2,5.7,.385,0.7,2.3,.310,1.5,3.4,.435,.448,0.8,0.9,.870,0.4,1.8,2.2,3.0,0.9,0.3,1.3,2.5,5.9
Kendrick Nunn,SG,24,MIA,53,53,30.0,6.1,13.7,.444,2.0,5.7,.349,4.1,8.0,.511,.516,1.3,1.6,.845,0.3,2.4,2.7,3.5,0.9,0.2,1.7,2.2,15.5
David Nwaba,SF,27,BRK,20,0,13.4,1.9,3.6,.521,0.6,1.4,.429,1.3,2.2,.581,.606,0.9,1.4,.667,0.4,1.9,2.3,0.4,0.6,0.6,0.4,1.6,5.2
Royce O'Neale,PF,26,UTA,56,48,29.0,2.2,4.9,.445,1.2,3.0,.400,0.9,1.8,.520,.570,0.5,0.6,.839,0.4,4.8,5.1,2.5,0.7,0.4,0.8,2.8,6.0
Kyle O'Quinn,C,29,PHI,22,1,10.0,1.5,2.9,.500,0.3,1.0,.333,1.1,2.0,.581,.555,0.2,0.5,.455,1.2,2.5,3.7,1.5,0.2,0.8,0.8,1.3,3.5
Semi Ojeleye,PF,25,BOS,53,4,14.6,1.0,2.4,.395,0.5,1.5,.350,0.4,0.9,.469,.504,0.5,0.5,.889,0.4,1.5,1.9,0.5,0.3,0.1,0.2,1.1,2.9
Jahlil Okafor,C,24,NOP,27,9,15.6,3.3,5.3,.611,0.0,0.1,.500,3.2,5.3,.613,.615,1.4,2.1,.638,1.7,2.6,4.3,1.3,0.3,0.7,1.3,2.3,7.9
Elie Okobo,PG,22,PHO,47,3,13.2,1.3,3.4,.396,0.5,1.4,.354,0.9,2.0,.426,.469,0.9,1.3,.672,0.3,1.3,1.6,2.1,0.5,0.1,0.6,1.0,4.0
Josh Okogie,SG,21,MIN,53,19,24.5,2.7,6.6,.417,0.6,2.6,.250,2.1,4.0,.524,.466,2.6,3.2,.791,1.4,3.0,4.4,1.6,1.1,0.4,1.4,2.2,8.7
KZ Okpala,SF,20,MIA,5,0,5.2,0.6,1.0,.600,0.0,0.2,.000,0.6,0.8,.750,.600,0.2,0.4,.500,0.2,0.8,1.0,0.2,0.4,0.2,0.2,0.4,1.4
Victor Oladipo,SG,27,IND,8,5,25.0,3.9,11.6,.333,1.4,5.5,.250,2.5,6.1,.408,.392,1.6,2.1,.765,0.8,1.4,2.1,2.6,0.5,0.1,2.0,1.5,10.8
Kelly Olynyk,C,28,MIA,50,4,19.4,2.6,5.6,.459,1.3,3.3,.399,1.3,2.3,.543,.575,1.3,1.5,.863,0.7,3.8,4.5,1.5,0.7,0.3,1.1,2.5,7.7
Miye Oni,SG,22,UTA,3,0,2.7,0.0,0.0,,0.0,0.0,,0.0,0.0,,,0.0,0.0,,0.0,0.3,0.3,0.0,0.0,0.0,0.3,0.0,0.0
Cedi Osman,SF,24,CLE,56,56,29.1,4.1,9.2,.445,1.9,4.9,.385,2.2,4.3,.512,.547,0.9,1.4,.638,0.5,3.1,3.6,2.4,0.8,0.3,1.4,2.4,11.0
Kelly Oubre,SF,24,PHO,55,54,34.5,6.7,14.8,.450,1.9,5.5,.352,4.7,9.3,.509,.516,3.4,4.4,.781,1.2,5.3,6.5,1.5,1.3,0.7,1.5,3.4,18.7
Tariq Owens,PF,24,PHO,3,0,5.0,0.3,1.7,.200,0.0,0.7,.000,0.3,1.0,.333,.200,0.7,0.7,1.000,0.7,0.3,1.0,0.0,0.3,0.0,0.0,0.3,1.3
Jeremy Pargo,PG,33,GSW,3,0,14.7,3.7,7.3,.500,1.0,2.3,.429,2.7,5.0,.533,.568,0.0,0.3,.000,0.3,0.7,1.0,2.7,0.3,0.0,1.3,2.7,8.3
Jabari Parker,PF,24,TOT,33,23,25.8,6.0,12.1,.499,0.9,3.5,.267,5.1,8.6,.594,.538,1.7,2.2,.743,1.6,4.3,5.9,1.8,1.3,0.5,1.8,2.8,14.7
Jabari Parker,PF,24,ATL,32,23,26.2,6.2,12.3,.504,1.0,3.6,.270,5.2,8.7,.601,.543,1.7,2.3,.736,1.7,4.3,6.0,1.8,1.3,0.5,1.9,2.9,15.0
Jabari Parker,PF,24,SAC,1,0,15.0,1.0,6.0,.167,0.0,1.0,.000,1.0,5.0,.200,.167,2.0,2.0,1.000,0.0,4.0,4.0,2.0,0.0,0.0,0.0,1.0,4.0
Chandler Parsons,SF,31,ATL,5,0,10.8,1.0,3.6,.278,0.8,2.8,.286,0.2,0.8,.250,.389,0.0,0.0,,0.2,1.2,1.4,0.6,0.8,0.2,0.6,0.6,2.8
Eric Paschall,PF,23,GSW,52,25,26.9,5.1,10.4,.486,0.6,2.0,.283,4.5,8.4,.536,.514,2.5,3.3,.775,1.4,3.3,4.7,1.7,0.6,0.3,1.6,2.1,13.2
,,,,,,,,,,,,,,,,,,,,,,,,,,,,
Anžejs Pasečņiks,C,24,WAS,20,0,18.5,2.7,5.1,.529,0.0,0.1,.000,2.7,5.0,.540,.529,1.6,2.5,.620,1.9,2.9,4.7,0.9,0.4,0.5,1.1,2.9,7.0
Patrick Patterson,PF,30,LAC,46,18,12.6,1.5,3.9,.399,1.1,2.9,.373,0.5,1.0,.477,.539,0.6,0.7,.794,0.6,1.9,2.5,0.6,0.1,0.1,0.3,0.9,4.8
Justin Patton,C,22,OKC,5,0,4.8,0.8,2.0,.400,0.2,0.8,.250,0.6,1.2,.500,.450,0.0,0.0,,0.2,0.8,1.0,0.4,0.0,0.0,0.4,0.8,1.8
Chris Paul,PG,34,OKC,56,56,31.7,6.2,12.7,.487,1.6,4.5,.365,4.5,8.2,.554,.551,3.6,4.0,.896,0.4,4.7,5.1,6.7,1.5,0.1,2.1,2.3,17.5
Elfrid Payton,PG,25,NYK,36,27,27.4,4.3,9.9,.430,0.4,1.6,.237,3.9,8.3,.468,.449,0.8,1.6,.536,1.2,3.5,4.7,6.9,1.7,0.4,2.0,2.1,9.7
Gary Payton,PG,27,WAS,24,17,17.0,1.8,4.5,.407,0.5,1.7,.293,1.3,2.8,.478,.463,0.2,0.3,.500,1.0,2.0,3.0,1.9,1.3,0.3,0.8,2.0,4.3
Norvel Pelle,C,26,PHI,17,0,10.0,1.1,1.9,.545,0.0,0.0,,1.1,1.9,.545,.545,0.4,0.7,.500,0.9,2.5,3.4,0.4,0.1,1.5,0.8,2.1,2.5
Theo Pinson,SG,24,BRK,29,0,11.9,1.6,5.2,.296,0.5,2.7,.192,1.0,2.6,.405,.345,0.5,0.6,.938,0.3,1.4,1.8,1.8,0.5,0.1,1.1,1.1,4.1
Mason Plumlee,C,29,DEN,45,1,17.3,3.0,4.8,.613,0.0,0.1,.000,3.0,4.7,.624,.613,1.4,2.6,.552,1.8,3.7,5.4,2.4,0.6,0.6,1.5,2.2,7.3
Vincent Poirier,C,26,BOS,19,0,5.8,0.8,1.6,.484,0.1,0.1,.500,0.7,1.5,.483,.500,0.3,0.4,.857,0.5,1.3,1.8,0.4,0.1,0.3,0.3,1.2,1.9
Jakob Pöltl,C,24,SAS,56,9,17.0,2.4,3.8,.619,0.0,0.0,,2.4,3.8,.619,.619,0.6,1.3,.500,1.8,3.6,5.5,1.8,0.5,1.5,0.8,1.7,5.4
Shamorie Ponds,PG,21,TOR,4,0,2.8,0.8,1.3,.600,0.3,0.5,.500,0.5,0.8,.667,.700,0.5,0.5,1.000,0.0,0.3,0.3,0.5,0.0,0.3,0.0,0.5,2.3
Jordan Poole,SG,20,GSW,50,12,21.9,2.7,8.7,.310,1.2,4.7,.266,1.5,4.1,.360,.381,1.6,2.0,.828,0.1,2.0,2.1,2.0,0.6,0.2,1.1,1.6,8.3
Kevin Porter,SF,19,CLE,44,2,22.3,3.6,8.0,.451,1.0,2.9,.341,2.6,5.1,.513,.513,1.3,1.8,.713,0.4,2.7,3.1,2.0,0.9,0.2,1.9,2.8,9.5
Michael Porter,PF,21,DEN,41,1,14.0,3.0,6.0,.502,0.9,2.2,.422,2.1,3.8,.548,.579,0.8,1.0,.795,1.1,3.2,4.3,0.7,0.4,0.4,0.8,1.7,7.7
Otto Porter,SF,26,CHI,9,9,25.1,3.9,9.3,.417,1.8,4.4,.400,2.1,4.9,.432,.512,1.7,2.2,.750,0.9,2.6,3.4,1.6,1.0,0.3,0.8,2.2,11.2
Bobby Portis,C,24,NYK,56,4,20.9,3.8,8.6,.434,1.0,2.9,.356,2.7,5.7,.474,.494,1.1,1.4,.759,1.4,3.9,5.3,1.6,0.5,0.2,1.1,1.8,9.6
Kristaps Porziņģis,PF,24,DAL,43,43,30.6,6.4,15.2,.418,2.3,6.7,.353,4.0,8.6,.469,.495,3.5,4.4,.780,1.6,7.5,9.1,1.6,0.7,2.0,1.7,3.1,18.6
Dwight Powell,C,28,DAL,40,37,26.5,3.7,5.7,.638,0.3,1.0,.256,3.4,4.8,.716,.659,1.9,2.8,.667,1.9,3.8,5.7,1.5,0.9,0.6,0.9,2.6,9.4
Norman Powell,SG,26,TOR,38,17,28.2,5.5,11.1,.498,2.0,5.1,.401,3.5,6.1,.578,.589,2.2,2.6,.840,0.6,3.3,3.9,1.7,1.3,0.4,1.5,2.0,15.3
,,,,,,,,,,,,,,,,,,,,,,,,,,,,
Julius Randle,PF,25,NYK,54,54,32.8,7.1,15.8,.453,1.0,3.9,.263,6.1,11.9,.514,.485,3.8,5.3,.707,2.3,7.3,9.6,3.2,0.8,0.3,3.1,2.8,19.1
Josh Reaves,SG,22,DAL,2,0,0.5,0.0,0.5,.000,0.0,0.0,,0.0,0.5,.000,.000,0.0,0.0,,0.0,0.0,0.0,0.0,0.0,0.0,0.0,0.0,0.0
Cam Reddish,SF,20,ATL,50,32,26.5,3.3,9.2,.357,1.3,4.1,.304,2.0,5.1,.400,.425,1.8,2.2,.802,0.6,3.1,3.8,1.6,1.1,0.5,1.6,2.3,9.6
J.J. Redick,SG,35,NOP,52,35,26.9,4.8,10.7,.450,3.0,6.6,.452,1.8,4.1,.446,.590,2.8,3.1,.900,0.2,2.4,2.6,2.0,0.4,0.2,1.2,1.6,15.4
Naz Reid,C,20,MIN,21,2,12.9,3.0,7.1,.423,1.2,3.3,.357,1.8,3.8,.481,.507,1.0,1.3,.750,0.9,2.2,3.1,0.8,0.5,0.5,0.7,2.6,8.2
Josh Richardson,SG,26,PHI,43,41,30.9,5.3,12.2,.432,1.5,4.6,.332,3.7,7.6,.494,.495,2.2,2.7,.795,0.8,2.5,3.3,3.2,1.0,0.6,2.1,2.6,14.3
Austin Rivers,SG,27,HOU,52,4,23.5,3.0,7.3,.414,1.3,3.9,.341,1.7,3.3,.500,.507,1.0,1.5,.688,0.4,2.1,2.4,1.6,0.7,0.2,0.6,1.8,8.4
Duncan Robinson,SF,25,MIA,56,51,29.3,4.2,9.2,.457,3.5,8.1,.434,0.7,1.1,.629,.648,0.7,0.8,.891,0.1,3.0,3.2,1.4,0.5,0.2,0.8,2.9,12.7
Glenn Robinson,SF,26,TOT,52,50,30.3,4.9,10.2,.485,1.3,3.4,.386,3.6,6.8,.534,.549,1.2,1.4,.851,1.3,3.2,4.5,1.7,1.0,0.3,1.0,1.7,12.4
Glenn Robinson,SF,26,GSW,48,48,31.6,5.1,10.6,.481,1.4,3.5,.400,3.7,7.0,.522,.548,1.3,1.5,.851,1.4,3.3,4.7,1.8,0.9,0.3,1.0,1.7,12.9
Glenn Robinson,SF,26,PHI,4,2,14.5,3.3,5.8,.565,0.0,1.5,.000,3.3,4.3,.765,.565,0.0,0.0,,0.3,1.3,1.5,0.8,1.5,0.3,0.3,1.0,6.5
Jerome Robinson,SG,22,TOT,47,1,11.9,1.2,3.5,.341,0.5,1.7,.295,0.7,1.8,.384,.412,0.3,0.4,.571,0.1,1.6,1.7,1.1,0.3,0.2,0.6,1.4,3.1
Jerome Robinson,SG,22,LAC,42,1,11.3,1.1,3.2,.338,0.5,1.6,.284,0.6,1.6,.391,.408,0.3,0.5,.579,0.1,1.3,1.4,1.1,0.3,0.2,0.6,1.3,2.9
Jerome Robinson,SG,22,WAS,5,0,17.0,2.0,5.6,.357,0.8,2.2,.364,1.2,3.4,.353,.429,0.2,0.4,.500,0.2,3.6,3.8,1.2,0.4,0.0,0.4,2.4,5.0
Justin Robinson,PG,22,WAS,9,0,5.4,0.6,1.3,.417,0.3,0.6,.600,0.2,0.8,.286,.542,0.0,0.0,,0.1,0.4,0.6,0.8,0.0,0.1,0.3,0.2,1.4
Mitchell Robinson,C,21,NYK,52,7,22.5,3.9,5.4,.731,0.0,0.0,,3.9,5.4,.731,.731,1.3,2.3,.581,2.8,3.9,6.7,0.5,0.9,1.9,0.7,3.3,9.2
Isaiah Roby,SF,21,OKC,2,0,2.5,0.0,0.5,.000,0.0,0.0,,0.0,0.5,.000,.000,0.0,0.0,,0.0,0.5,0.5,0.0,0.0,0.0,0.0,0.0,0.0
Rajon Rondo,PG,33,LAL,40,2,20.9,3.0,7.0,.430,1.0,2.7,.352,2.1,4.3,.480,.498,0.7,1.0,.667,0.5,2.8,3.3,5.3,0.9,0.1,2.0,1.2,7.6
Derrick Rose,PG,31,DET,47,12,26.2,7.3,15.1,.486,0.9,3.0,.298,6.4,12.1,.533,.515,2.4,2.8,.862,0.5,1.9,2.4,5.7,0.8,0.3,2.5,1.0,18.0
Terrence Ross,SG,28,ORL,54,0,26.8,4.6,11.8,.385,2.2,6.9,.323,2.3,4.9,.473,.480,2.1,2.5,.832,0.2,2.8,3.1,1.1,1.1,0.4,1.0,1.4,13.5
Terry Rozier,PG,25,CHO,55,55,34.2,6.2,14.7,.419,2.6,6.7,.390,3.6,8.1,.444,.507,2.7,3.1,.869,0.8,3.7,4.5,4.0,1.0,0.2,2.3,2.1,17.6
Ricky Rubio,PG,29,PHO,49,49,31.3,4.3,10.7,.402,1.1,3.2,.335,3.2,7.4,.431,.453,2.7,3.3,.832,0.7,3.7,4.4,8.6,1.4,0.2,2.7,2.4,12.4
D'Angelo Russell,PG,23,TOT,36,36,32.3,8.2,19.1,.429,3.6,9.6,.372,4.6,9.4,.487,.523,3.6,4.4,.800,0.4,3.3,3.7,6.5,0.9,0.3,3.1,1.9,23.5
D'Angelo Russell,PG,23,GSW,33,33,32.1,8.3,19.2,.430,3.6,9.7,.374,4.6,9.5,.487,.524,3.4,4.4,.785,0.4,3.3,3.7,6.2,0.9,0.3,3.1,1.9,23.6
D'Angelo Russell,PG,23,MIN,3,3,33.7,7.0,17.0,.412,3.0,8.7,.346,4.0,8.3,.480,.500,5.0,5.3,.938,0.3,3.7,4.0,9.7,1.0,0.3,4.0,2.0,22.0
Domantas Sabonis,C,23,IND,54,54,34.6,7.3,13.6,.536,0.2,1.1,.224,7.0,12.5,.563,.545,3.5,4.8,.729,3.0,9.4,12.5,4.8,0.7,0.5,2.7,3.3,18.3
,,,,,,,,,,,,,,,,,,,,,,,,,,,,
JaKarr Sampson,SF,26,IND,19,10,13.5,1.8,3.2,.574,0.1,0.6,.167,1.7,2.6,.673,.590,0.2,0.5,.400,0.6,1.7,2.3,0.2,0.3,0.4,0.3,1.7,4.0
Dario Šarić,PF,25,PHO,50,43,24.3,3.5,7.9,.441,1.2,3.8,.312,2.3,4.2,.558,.515,1.2,1.4,.847,1.5,4.4,5.9,1.9,0.6,0.2,1.3,2.2,9.4
Tomáš Satoranský,PG,28,CHI,58,58,28.8,3.7,8.4,.441,1.1,3.2,.339,2.7,5.3,.502,.504,1.7,1.9,.867,1.1,2.7,3.7,5.4,1.3,0.1,1.9,2.1,10.2
Admiral Schofield,SF,22,WAS,26,2,11.2,1.2,2.9,.400,0.5,1.8,.298,0.6,1.1,.571,.493,0.3,0.5,.692,0.2,1.1,1.3,0.5,0.3,0.1,0.3,1.6,3.2
Dennis Schröder,PG,26,OKC,56,1,31.1,7.1,15.0,.470,2.0,5.2,.384,5.1,9.9,.515,.536,2.9,3.4,.849,0.3,3.5,3.8,4.0,0.7,0.2,2.6,2.2,19.0
Mike Scott,PF,31,PHI,56,7,17.1,2.0,5.0,.396,1.1,3.3,.341,0.9,1.7,.500,.507,0.4,0.5,.889,0.8,2.6,3.3,0.6,0.3,0.1,0.4,1.2,5.5
Thabo Sefolosha,PF,35,HOU,39,0,10.7,0.9,2.3,.416,0.4,1.4,.283,0.6,0.9,.611,.500,0.1,0.2,.375,0.5,1.8,2.3,0.6,0.6,0.3,0.4,1.1,2.4
Collin Sexton,SG,21,CLE,56,56,32.2,7.6,16.5,.458,1.4,3.8,.367,6.2,12.7,.485,.500,3.4,3.9,.851,1.0,2.2,3.1,2.8,1.0,0.1,2.2,2.1,19.8
Landry Shamet,SG,22,LAC,39,27,29.4,3.4,7.9,.430,2.4,6.0,.404,1.0,1.9,.514,.584,1.2,1.3,.902,0.1,1.9,2.0,1.9,0.4,0.2,0.8,3.0,10.4
Marial Shayok,SG,24,PHI,2,0,5.0,0.5,2.5,.200,0.5,1.5,.333,0.0,1.0,.000,.300,0.0,0.0,,0.0,1.5,1.5,0.5,0.0,0.0,0.5,0.0,1.5
Iman Shumpert,SG,29,BRK,13,0,18.5,1.6,4.9,.328,0.6,2.5,.242,1.0,2.4,.419,.391,0.3,0.5,.571,0.7,1.9,2.6,0.9,0.9,0.2,0.8,1.6,4.2
Pascal Siakam,PF,25,TOR,46,46,34.9,8.8,19.0,.464,2.2,5.9,.367,6.7,13.1,.508,.521,4.0,4.9,.809,1.2,6.4,7.5,3.4,1.0,0.9,2.4,2.7,23.7
Chris Silva,PF,23,MIA,38,0,7.7,1.1,1.7,.636,0.0,0.1,.000,1.1,1.7,.656,.636,0.8,1.2,.681,1.3,1.4,2.8,0.5,0.2,0.4,0.8,2.1,3.1
Ben Simmons,PG,23,PHI,54,54,35.7,6.7,11.4,.585,0.0,0.1,.333,6.6,11.3,.588,.587,3.3,5.3,.627,2.0,5.8,7.8,8.2,2.1,0.6,3.6,3.2,16.7
Anfernee Simons,SG,20,POR,57,4,22.2,3.4,8.3,.406,1.2,3.5,.335,2.2,4.8,.456,.476,1.2,1.5,.807,0.4,2.1,2.4,1.5,0.4,0.2,0.9,2.0,9.0
Alen Smailagić,PF,19,GSW,14,0,9.9,1.4,2.9,.500,0.2,0.9,.231,1.2,1.9,.630,.538,1.1,1.4,.842,0.7,1.2,1.9,0.9,0.2,0.3,0.8,1.0,4.2
Marcus Smart,SG,25,BOS,45,31,31.8,4.2,11.0,.381,2.3,6.4,.353,1.9,4.5,.422,.485,1.9,2.3,.810,0.7,3.0,3.6,4.8,1.6,0.5,1.6,2.6,12.5
Dennis Smith,PG,22,NYK,31,2,15.5,2.0,5.9,.335,0.5,1.6,.300,1.5,4.3,.348,.376,0.7,1.5,.478,0.6,1.6,2.3,2.9,0.7,0.3,1.7,1.9,5.1
Ish Smith,PG,31,WAS,55,18,26.5,4.5,9.8,.453,0.9,2.6,.357,3.5,7.2,.487,.500,0.8,1.2,.672,0.5,2.7,3.2,4.7,0.9,0.4,1.3,1.4,10.7
Zhaire Smith,SG,20,PHI,7,0,4.6,0.4,1.6,.273,0.0,0.4,.000,0.4,1.1,.375,.273,0.3,0.6,.500,0.0,0.3,0.3,0.3,0.4,0.0,0.3,0.6,1.1
,,,,,,,,,,,,,,,,,,,,,,,,,,,,
Tony Snell,SF,28,DET,52,50,27.3,2.9,6.5,.452,1.8,4.3,.412,1.1,2.1,.536,.591,0.4,0.4,1.000,0.1,1.6,1.8,1.8,0.5,0.2,0.5,1.6,8.1
Omari Spellman,PF,22,GSW,49,3,18.1,2.6,6.0,.431,0.9,2.2,.391,1.7,3.8,.454,.503,1.5,1.9,.793,1.6,2.9,4.5,1.0,0.7,0.5,1.1,1.3,7.6
Max Strus,SG,23,CHI,2,0,3.0,1.0,1.5,.667,0.0,0.5,.000,1.0,1.0,1.000,.667,0.5,0.5,1.000,0.5,0.0,0.5,0.0,0.0,0.0,0.0,0.5,2.5
Edmond Sumner,PG,24,IND,20,2,13.4,1.8,4.0,.438,0.4,1.3,.308,1.4,2.7,.500,.488,0.4,0.7,.615,0.4,1.1,1.5,1.4,0.7,0.3,0.8,1.4,4.3
Caleb Swanigan,PF,22,TOT,19,1,10.9,1.1,2.0,.526,0.0,0.1,.000,1.1,1.9,.556,.526,0.3,0.6,.417,1.2,2.7,3.8,0.8,0.1,0.3,1.3,2.2,2.4
Caleb Swanigan,PF,22,SAC,7,0,3.3,0.3,0.6,.500,0.0,0.0,,0.3,0.6,.500,.500,0.1,0.3,.500,0.3,0.7,1.0,0.3,0.1,0.3,0.9,1.1,0.7
Caleb Swanigan,PF,22,POR,12,1,15.4,1.5,2.8,.529,0.0,0.2,.000,1.5,2.7,.563,.529,0.3,0.8,.400,1.7,3.8,5.5,1.2,0.1,0.3,1.5,2.8,3.3
Jayson Tatum,PF,21,BOS,52,52,34.2,8.2,18.4,.445,2.7,6.9,.386,5.5,11.5,.481,.518,3.8,4.7,.822,1.0,5.9,7.0,2.9,1.4,0.9,2.2,2.1,22.9
Jeff Teague,PG,31,TOT,50,16,25.8,3.7,8.5,.434,0.8,2.1,.369,2.9,6.5,.455,.479,3.1,3.6,.871,0.4,2.0,2.4,5.6,0.8,0.3,2.1,1.9,11.3
Jeff Teague,PG,31,MIN,34,13,27.8,4.3,9.5,.448,1.0,2.6,.379,3.3,7.0,.473,.498,3.7,4.2,.868,0.4,2.1,2.6,6.1,0.7,0.4,2.2,2.1,13.2
Jeff Teague,PG,31,ATL,16,3,21.5,2.5,6.4,.392,0.3,1.0,.313,2.2,5.4,.407,.417,1.9,2.1,.882,0.4,1.6,2.0,4.4,0.9,0.2,1.8,1.7,7.2
Garrett Temple,SG,33,BRK,50,31,28.2,3.6,9.5,.376,2.0,6.2,.327,1.5,3.2,.469,.483,1.1,1.4,.768,0.5,3.0,3.5,2.5,0.8,0.4,1.1,1.8,10.2
Daniel Theis,C,27,BOS,50,49,23.2,3.5,6.3,.558,0.5,1.4,.333,3.1,5.0,.621,.595,1.3,1.7,.736,2.2,4.3,6.5,1.5,0.6,1.3,0.8,3.5,8.8
Isaiah Thomas,PG,30,WAS,40,37,23.1,4.4,10.7,.408,2.0,4.7,.413,2.4,5.9,.405,.500,1.6,1.9,.816,0.3,1.4,1.7,3.7,0.3,0.2,1.9,1.9,12.2
Khyri Thomas,SG,23,DET,2,0,3.0,0.0,0.0,,0.0,0.0,,0.0,0.0,,,0.5,1.0,.500,0.0,0.0,0.0,0.0,0.0,0.0,0.0,0.0,0.5
Matt Thomas,SG,25,TOR,26,0,10.3,1.7,3.4,.511,1.2,2.3,.508,0.5,1.0,.519,.688,0.2,0.3,.714,0.2,1.2,1.3,0.5,0.3,0.0,0.4,0.9,4.8
Tristan Thompson,C,28,CLE,52,48,30.4,5.1,9.8,.518,0.2,0.3,.500,4.9,9.5,.518,.525,1.8,2.8,.637,4.1,6.2,10.3,2.1,0.6,0.9,1.9,2.2,12.1
Matisse Thybulle,SG,22,PHI,49,10,20.0,1.6,4.1,.402,1.0,2.6,.367,0.7,1.4,.465,.520,0.5,0.8,.649,0.5,1.0,1.5,1.2,1.4,0.8,0.8,2.2,4.7
Anthony Tolliver,PF,34,TOT,42,9,15.1,1.1,3.2,.343,0.8,2.5,.308,0.3,0.7,.467,.463,0.3,0.5,.667,0.7,2.2,2.9,0.8,0.3,0.2,0.6,1.4,3.3
Anthony Tolliver,PF,34,POR,33,9,16.8,1.3,3.5,.368,0.9,2.7,.337,0.4,0.8,.464,.496,0.4,0.6,.684,0.8,2.5,3.3,0.9,0.2,0.3,0.6,1.6,3.9
Anthony Tolliver,PF,34,SAC,9,0,9.1,0.3,1.9,.176,0.2,1.7,.133,0.1,0.2,.500,.235,0.1,0.2,.500,0.2,1.0,1.2,0.3,0.4,0.1,0.4,0.7,1.0
Juan Toscano-Anderson,SF,26,GSW,5,0,20.0,3.2,5.6,.571,1.0,1.8,.556,2.2,3.8,.579,.661,0.2,0.2,1.000,0.2,4.0,4.2,2.2,1.2,0.6,1.2,1.4,7.6
Karl-Anthony Towns,C,24,MIN,35,35,33.9,9.0,17.8,.508,3.3,7.9,.412,5.8,9.9,.586,.600,5.1,6.5,.796,2.7,8.1,10.8,4.4,0.9,1.2,3.1,3.3,26.5
Gary Trent,SG,21,POR,45,4,18.6,2.5,5.9,.429,1.5,3.6,.407,1.1,2.3,.462,.553,0.5,0.5,.875,0.4,1.1,1.5,0.9,0.7,0.2,0.3,1.2,7.0
Allonzo Trier,PG,24,NYK,20,1,12.3,1.9,4.3,.435,0.8,2.3,.326,1.1,2.0,.564,.524,1.6,2.0,.795,0.2,1.1,1.3,1.2,0.1,0.2,1.0,1.2,6.0
P.J. Tucker,PF,34,HOU,56,56,34.9,2.6,6.0,.440,1.5,4.1,.374,1.1,1.9,.578,.567,0.7,0.8,.841,1.5,5.4,6.9,1.6,1.1,0.4,1.1,3.3,7.5
,,,,,,,,,,,,,,,,,,,,,,,,,,,,
Rayjon Tucker,SG,22,UTA,13,0,5.8,0.6,1.5,.421,0.0,0.5,.000,0.6,1.0,.615,.421,0.2,0.4,.600,0.2,0.8,0.9,0.2,0.1,0.0,0.2,0.5,1.5
Evan Turner,PG,31,ATL,19,0,13.2,1.3,3.5,.373,0.0,0.3,.000,1.3,3.3,.403,.373,0.6,0.7,.857,0.4,1.6,2.0,2.0,0.5,0.4,1.4,1.1,3.3
Myles Turner,C,23,IND,47,47,29.1,4.1,9.2,.447,1.4,4.2,.335,2.7,5.0,.540,.523,2.0,2.7,.762,1.2,5.0,6.2,1.2,0.8,1.9,1.3,2.5,11.7
Jonas Valančiūnas,C,27,MEM,53,53,25.9,6.2,10.6,.582,0.5,1.4,.375,5.7,9.2,.612,.606,1.8,2.4,.721,2.9,7.7,10.6,1.8,0.5,1.2,1.8,2.7,14.6
Denzel Valentine,SF,26,CHI,30,0,12.2,2.2,5.5,.402,1.2,3.4,.356,1.0,2.1,.476,.512,0.2,0.2,1.000,0.1,1.8,1.9,1.1,0.7,0.2,0.7,1.3,5.8
Jarred Vanderbilt,SF-PF,20,TOT,11,0,4.2,0.5,0.7,.625,0.0,0.1,.000,0.5,0.6,.714,.625,0.2,0.2,1.000,0.3,0.5,0.8,0.2,0.3,0.1,0.6,0.5,1.1
Jarred Vanderbilt,SF,20,DEN,9,0,4.6,0.6,0.8,.714,0.0,0.0,,0.6,0.8,.714,.714,0.0,0.0,,0.3,0.6,0.9,0.2,0.3,0.1,0.8,0.7,1.1
Jarred Vanderbilt,PF,20,MIN,2,0,2.5,0.0,0.5,.000,0.0,0.5,.000,0.0,0.0,,.000,1.0,1.0,1.000,0.0,0.5,0.5,0.0,0.0,0.0,0.0,0.0,1.0
Fred VanVleet,PG,25,TOR,47,47,35.8,6.0,14.6,.410,2.7,7.0,.389,3.3,7.6,.430,.504,3.0,3.5,.842,0.4,3.4,3.8,6.7,1.9,0.3,2.3,2.4,17.7
Gabe Vincent,PG,23,MIA,4,0,10.3,1.0,4.8,.211,1.0,4.0,.250,0.0,0.8,.000,.316,0.0,0.0,,0.0,0.8,0.8,0.8,0.3,0.0,0.0,0.5,3.0
Noah Vonleh,C-PF,24,TOT,31,1,11.6,1.6,2.8,.557,0.1,0.5,.200,1.5,2.4,.630,.574,0.8,1.0,.800,1.1,2.8,3.9,0.8,0.4,0.2,0.7,1.2,4.0
Noah Vonleh,C,24,MIN,29,1,12.0,1.6,3.0,.547,0.1,0.5,.143,1.6,2.5,.625,.558,0.8,1.0,.821,1.2,2.8,4.0,0.9,0.4,0.2,0.7,1.2,4.1
Noah Vonleh,PF,24,DEN,2,0,7.0,1.0,1.0,1.000,0.5,0.5,1.000,0.5,0.5,1.000,1.250,0.5,1.0,.500,0.5,2.0,2.5,0.0,0.0,0.0,1.0,1.0,3.0
Nikola Vučević,C,29,ORL,45,45,32.3,7.7,16.8,.458,1.7,4.9,.338,6.0,11.9,.507,.507,2.0,2.6,.780,2.6,8.2,10.8,3.7,1.0,0.9,1.4,2.2,19.1
Dean Wade,PF,23,CLE,10,0,5.4,0.7,1.0,.700,0.2,0.3,.667,0.5,0.7,.714,.800,0.0,0.1,.000,0.2,1.4,1.6,0.1,0.2,0.3,0.3,0.7,1.6
Moritz Wagner,C,22,WAS,28,4,19.9,4.1,7.2,.574,0.8,2.3,.354,3.3,4.9,.679,.631,1.7,2.1,.800,1.3,4.3,5.6,1.3,0.6,0.6,1.8,3.6,10.8
Dion Waiters,SG,28,MIA,3,0,14.0,3.3,8.7,.385,2.7,5.7,.471,0.7,3.0,.222,.538,0.0,0.3,.000,0.0,3.7,3.7,1.0,0.0,0.7,1.0,1.7,9.3
Kemba Walker,PG,29,BOS,46,46,32.2,7.2,16.8,.429,3.4,8.7,.388,3.8,8.1,.474,.530,3.9,4.5,.866,0.7,3.4,4.1,5.0,1.0,0.5,2.1,1.6,21.8
Lonnie Walker,SG,21,SAS,48,3,14.0,2.2,5.0,.432,0.5,1.3,.381,1.7,3.7,.449,.481,0.8,1.1,.717,0.4,1.7,2.1,0.8,0.5,0.2,0.6,1.2,5.6
Tyrone Wallace,SG,25,ATL,14,0,11.4,1.0,3.1,.318,0.1,1.1,.067,0.9,2.1,.448,.330,0.8,1.2,.647,0.2,1.4,1.6,0.9,0.5,0.1,0.7,1.4,2.9
Taurean Waller-Prince,SF,25,BRK,55,55,29.5,4.5,11.6,.384,2.4,6.9,.352,2.1,4.8,.431,.488,1.0,1.3,.775,0.8,5.3,6.1,2.0,0.9,0.4,2.0,2.4,12.4
Derrick Walton,PG,24,LAC,23,1,9.7,0.7,1.6,.472,0.4,0.9,.429,0.3,0.7,.533,.597,0.3,0.4,.778,0.1,0.6,0.7,1.0,0.2,0.0,0.2,0.8,2.2
Brad Wanamaker,PG,30,BOS,55,0,18.9,2.1,5.1,.420,0.5,1.4,.372,1.6,3.7,.438,.472,1.7,1.9,.922,0.3,1.7,2.0,2.7,0.7,0.2,1.1,1.9,6.5
T.J. Warren,SF,26,IND,54,54,32.3,7.4,14.1,.524,1.1,3.0,.368,6.3,11.1,.567,.564,2.6,3.2,.803,1.0,2.9,3.8,1.4,1.2,0.5,1.2,2.7,18.5
,,,,,,,,,,,,,,,,,,,,,,,,,,,,
P.J. Washington,PF,21,CHO,49,48,30.2,4.5,9.7,.465,1.3,3.4,.383,3.2,6.3,.510,.533,1.6,2.3,.661,0.9,4.6,5.5,2.1,1.0,0.8,1.6,2.7,11.9
Yuta Watanabe,SG,25,MEM,9,0,5.4,0.7,1.6,.429,0.2,0.4,.500,0.4,1.1,.400,.500,0.2,0.4,.500,0.1,0.8,0.9,0.1,0.1,0.1,0.1,0.6,1.8
Tremont Waters,PG,22,BOS,9,0,8.1,1.1,3.1,.357,0.2,1.7,.133,0.9,1.4,.615,.393,0.7,0.7,1.000,0.0,0.8,0.8,1.1,0.6,0.2,0.9,1.1,3.1
Paul Watson,SF-SG,25,TOT,5,0,5.0,0.0,1.6,.000,0.0,0.8,.000,0.0,0.8,.000,.000,0.2,0.4,.500,0.0,0.8,0.8,1.0,0.2,0.2,0.0,0.2,0.2
Paul Watson,SG,25,ATL,2,0,8.5,0.0,3.5,.000,0.0,1.5,.000,0.0,2.0,.000,.000,0.0,0.0,,0.0,1.0,1.0,1.5,0.5,0.0,0.0,0.5,0.0
Paul Watson,SF,25,TOR,3,0,2.7,0.0,0.3,.000,0.0,0.3,.000,0.0,0.0,,.000,0.3,0.7,.500,0.0,0.7,0.7,0.7,0.0,0.3,0.0,0.0,0.3
Quinndary Weatherspoon,SG,23,SAS,1,0,4.0,0.0,1.0,.000,0.0,0.0,,0.0,1.0,.000,.000,0.0,0.0,,0.0,0.0,0.0,0.0,0.0,0.0,0.0,0.0,0.0
Russell Westbrook,PG,31,HOU,47,47,36.0,10.6,22.7,.466,1.0,4.0,.246,9.6,18.7,.513,.488,5.1,6.4,.788,1.7,6.2,7.9,7.2,1.6,0.3,4.3,3.6,27.2
Coby White,SG,19,CHI,58,0,24.7,4.3,11.3,.380,1.9,5.5,.347,2.4,5.8,.411,.464,1.4,1.9,.771,0.4,3.0,3.5,2.4,0.8,0.1,1.6,1.7,11.9
Derrick White,SG,25,SAS,54,11,23.8,3.4,7.5,.455,0.9,2.6,.362,2.5,5.0,.502,.516,2.3,2.7,.850,0.5,2.6,3.1,3.4,0.6,0.8,1.1,2.0,10.1
Hassan Whiteside,C,30,POR,53,53,30.9,6.6,10.8,.610,0.0,0.1,.500,6.5,10.7,.611,.612,2.6,3.7,.697,4.0,10.1,14.1,1.2,0.4,3.1,1.9,3.0,15.8
Andrew Wiggins,SF-SG,24,TOT,47,47,34.4,8.2,18.4,.448,2.2,6.3,.342,6.1,12.0,.504,.508,3.5,4.9,.717,1.2,3.9,5.1,3.6,0.8,1.0,2.5,2.4,22.1
Andrew Wiggins,SF,24,MIN,42,42,34.6,8.4,18.8,.444,2.2,6.5,.331,6.2,12.3,.505,.502,3.5,4.9,.720,1.1,4.1,5.2,3.7,0.7,0.9,2.5,2.4,22.4
Andrew Wiggins,SG,24,GSW,5,5,32.4,7.2,14.6,.493,2.2,4.6,.478,5.0,10.0,.500,.568,3.2,4.6,.696,1.6,2.6,4.2,3.2,1.8,1.8,2.0,2.2,19.8
Grant Williams,PF,21,BOS,54,4,15.5,1.3,3.2,.421,0.4,1.4,.270,1.0,1.8,.536,.480,0.7,0.9,.725,1.0,1.6,2.6,1.0,0.4,0.6,0.8,2.4,3.7
Johnathan Williams,C,24,WAS,11,5,12.3,1.5,2.3,.640,0.0,0.2,.000,1.5,2.1,.696,.640,0.3,0.5,.600,1.4,2.5,3.9,0.5,0.1,0.5,0.4,1.0,3.2
Kenrich Williams,PF,25,NOP,35,18,22.3,1.4,4.1,.343,0.7,2.7,.260,0.7,1.3,.511,.430,0.3,0.7,.375,1.4,3.7,5.1,1.5,0.7,0.6,0.6,2.3,3.8
Lou Williams,SG,33,LAC,53,8,30.1,6.4,15.5,.413,1.8,5.1,.351,4.6,10.4,.444,.471,5.0,5.8,.866,0.5,2.7,3.2,5.8,0.6,0.2,3.0,1.4,19.6
Marvin Williams,PF,33,TOT,44,1,19.5,2.3,5.0,.450,1.0,2.8,.371,1.2,2.2,.552,.555,1.0,1.2,.865,0.4,2.3,2.7,1.0,0.7,0.5,0.6,1.7,6.6
Marvin Williams,PF,33,CHO,41,1,19.7,2.3,5.1,.448,1.1,2.9,.376,1.2,2.3,.538,.552,1.0,1.2,.860,0.4,2.3,2.7,1.0,0.6,0.5,0.6,1.7,6.7
Marvin Williams,PF,33,MIL,3,0,16.0,1.7,3.3,.500,0.7,2.3,.286,1.0,1.0,1.000,.600,0.7,0.7,1.000,0.7,2.3,3.0,1.0,1.3,0.3,0.3,1.7,4.7
Robert Williams,C,22,BOS,19,1,14.2,1.7,2.6,.673,0.0,0.0,,1.7,2.6,.673,.673,0.4,0.7,.571,1.2,3.4,4.6,1.1,0.9,1.1,0.8,1.8,3.9
Nigel Williams-Goss,PG,25,UTA,9,0,3.1,0.1,0.8,.143,0.0,0.2,.000,0.1,0.6,.200,.143,0.2,0.2,1.000,0.2,0.3,0.6,0.6,0.1,0.1,0.2,0.2,0.4
Zion Williamson,PF,19,NOP,12,12,28.1,8.8,15.1,.586,0.4,1.0,.417,8.4,14.1,.598,.599,4.8,7.8,.606,3.5,3.7,7.2,2.3,0.7,0.4,2.4,1.6,22.8
D.J. Wilson,PF,23,MIL,28,0,8.7,1.2,3.0,.405,0.4,1.6,.239,0.8,1.4,.605,.470,0.2,0.3,.714,0.3,1.7,2.0,0.6,0.0,0.2,0.5,0.8,3.0
Justise Winslow,SF,23,MIA,11,5,32.0,4.5,11.7,.388,0.5,2.5,.222,4.0,9.3,.431,.411,1.6,2.5,.667,1.5,5.2,6.6,4.0,0.6,0.5,2.2,3.5,11.3
,,,,,,,,,,,,,,,,,,,,,,,,,,,,
Christian Wood,PF,24,DET,55,5,19.5,4.0,7.1,.562,0.8,2.1,.381,3.2,5.1,.636,.617,2.8,3.7,.750,1.5,4.4,5.9,0.8,0.5,0.9,1.2,1.5,11.6
Delon Wright,SG,27,DAL,55,4,21.3,2.8,5.9,.472,0.7,1.7,.375,2.1,4.1,.513,.528,1.1,1.5,.775,1.1,2.8,3.9,3.4,1.1,0.3,1.0,1.3,7.3
Justin Wright-Foreman,PG,22,UTA,1,0,2.0,0.0,0.0,,0.0,0.0,,0.0,0.0,,,0.0,0.0,,0.0,0.0,0.0,0.0,0.0,0.0,0.0,0.0,0.0
Thaddeus Young,PF,31,CHI,57,13,24.4,4.2,9.3,.449,1.2,3.4,.365,2.9,5.9,.497,.515,0.6,1.1,.590,1.4,3.4,4.9,1.7,1.3,0.4,1.6,2.1,10.2
Trae Young,PG,21,ATL,52,52,35.4,9.3,20.8,.445,3.5,9.5,.374,5.7,11.3,.504,.530,7.9,9.3,.855,0.6,3.8,4.4,9.2,1.2,0.1,4.9,1.7,30.0
Cody Zeller,C,27,CHO,52,33,23.1,4.4,8.5,.518,0.3,1.4,.239,4.1,7.1,.572,.538,2.0,2.9,.691,2.8,4.4,7.2,1.4,0.7,0.5,1.3,2.5,11.1
Ante Žižić,C,23,CLE,17,0,9.9,1.8,3.1,.596,0.0,0.0,,1.8,3.1,.596,.596,0.8,0.9,.875,0.8,2.4,3.2,0.2,0.4,0.2,0.4,1.2,4.5
Ivica Zubac,C,22,LAC,56,54,17.9,3.2,5.4,.596,0.0,0.0,.000,3.2,5.4,.600,.596,1.6,2.2,.738,2.6,4.5,7.2,1.1,0.2,1.0,0.9,2.4,8.0
